0,레전드,143,스카니아
1,생글,141,크로아
2,Temptation,140,베라
3,Woden,133,엘리시움
4,디즈니,130,엘리시움
5,Aura,124,베라
6,허니,118,크로아
7,훈장교,109,스카니아
8,불빛,108,엘리시움
9,프로포즈,104,크로아
10,욘석들,100,루나
11,Case,97,크로아
12,SiniSter,95,루나
13,미미,90,스카니아
14,티나,88,스카니아
15,Fairplay,85,루나
16,Lunes,85,유니온
17,뭉클,84,크로아
18,고요미,82,베라
19,자장가,81,루나
20,루나,80,루나
21,싱긋,79,스카니아
22,고수time,75,루나
23,Core,75,루나
24,Alpha,73,크로아
25,갱이와,68,엘리시움
26,Star,67,루나
27,딸기우유,66,베라
28,뉴프랜,60,루나
29,똑똑,57,오로라
30,파티,57,엘리시움
31,나비,56,아케인
32,팡이랜드,56,스카니아
33,라이언,55,레드
34,여백,55,오로라
35,나라,55,스카니아
36,Class,53,베라
37,달아,53,베라
38,순수매력,53,스카니아
39,아르페지오,52,엘리시움
40,Camellia,51,크로아
41,자유,50,이노시스
42,치즈,50,스카니아
43,인기인,49,엘리시움
44,GOYARD,48,스카니아
45,그루터기,48,유니온
46,꼬그모,48,엘리시움
47,Dream,48,크로아
48,오순,47,스카니아
49,미소,46,스카니아
50,잉잉,46,스카니아
51,안개꽃,46,크로아
52,zi죤,46,루나
53,라이,46,크로아
54,바다,45,이노시스
55,MAIN,45,유니온
56,피너,44,오로라
57,댓글,44,스카니아
58,스타,44,크로아
59,프라하,43,이노시스
60,Design,43,루나
61,MyStage,43,루나
62,순애,42,베라
63,BlacknWhite,41,루나
64,푸르내,40,스카니아
65,레드라벨,39,엘리시움
66,달치즈,39,제니스
67,캔디,39,스카니아
68,꾸당,39,엘리시움
69,1004,39,베라
70,하디,38,루나
71,메리,38,루나
72,이응,38,엘리시움
73,뭇별,38,루나
74,연인,37,스카니아
75,반하나,37,크로아
76,사해,37,크로아
77,야호,37,제니스
78,Flora,36,루나
79,일향,36,레드
80,Someday,36,루나
81,당돌,36,크로아
82,헤로인,36,스카니아
83,처럼,36,루나
84,젤리,36,베라
85,ISSUE,36,베라
86,Alice,36,베라
87,커비,36,루나
88,콩닭,36,제니스
89,아르테미스,35,엘리시움
90,FeelingGood,35,크로아
91,트리플크라운,35,루나
92,비모,35,크로아
93,날려,35,엘리시움
94,Rose,35,오로라
95,투투,35,크로아
96,샤레니안,35,크로아
97,모코,34,루나
98,Rure,34,루나
99,유리,34,스카니아
100,뚠카롱,34,루나
101,화원,34,스카니아
102,초대,33,크로아
103,시인의마을,33,크로아
104,illy,33,크로아
105,에뛰드하우스,33,노바
106,로안,33,제니스
107,아랑,33,엘리시움
108,차칸아이,33,엘리시움
109,은하,32,크로아
110,순하리,32,레드
111,근성,32,스카니아
112,아담,32,루나
113,연인,32,베라
114,설레,32,크로아
115,Ohana,32,스카니아
116,팔레트,32,엘리시움
117,우아,31,레드
118,Visual,31,베라
119,오즈,31,베라
120,뷰티풀지구,31,크로아
121,고개,31,스카니아
122,Save,30,오로라
123,썸띵,30,루나
124,CoPys,30,루나
125,Flame,30,스카니아
126,우월,30,이노시스
127,잔나,30,스카니아
128,꽃나래,30,엘리시움
129,청혼,30,엘리시움
130,무빙,30,엘리시움
131,크리스탈,30,제니스
132,초승달,30,루나
133,애플,30,크로아
134,지니별,30,엘리시움
135,연연,29,크로아
136,차분,29,오로라
137,야화,29,아케인
138,유리,29,제니스
139,야회,29,스카니아
140,떨림,29,베라
141,제제,29,스카니아
142,뒤에서,28,루나
143,해피,28,스카니아
144,Holic,28,루나
145,Ocean,28,크로아
146,섹씨해,27,루나
147,석주,27,스카니아
148,생글벙글,27,크로아
149,HotShot,27,엘리시움
150,루어,27,크로아
151,두빛나래,27,스카니아
152,Kids,27,크로아
153,색종이,27,엘리시움
154,개굴,27,루나
155,SilverCastle,27,베라
156,도탁스,27,베라
157,다이어리,26,엘리시움
158,봄비,26,스카니아
159,방송,26,베라
160,꾸잉,26,루나
161,모여,26,루나
162,헬로,25,크로아
163,정신력,25,제니스
164,안개비,25,레드
165,아리수,25,유니온
166,Lavender,25,스카니아
167,소보루,25,엘리시움
168,늙은밤,25,유니온
169,겸둥이,25,크로아
170,악몽,25,크로아
171,환생,25,루나
172,저항,25,루나
173,Cozy,25,엘리시움
174,소떡,25,스카니아
175,리첼,24,이노시스
176,아루,24,베라
177,LUSH,24,엘리시움
178,MOON,24,오로라
179,니니,24,오로라
180,보리,24,레드
181,항해,24,엘리시움
182,원탑,24,루나
183,Easter,24,루나
184,요리,24,스카니아
185,룽룽,24,베라
186,조율,24,베라
187,이슬,24,스카니아
188,앙금,24,엘리시움
189,하얀구름,23,루나
190,가련,23,베라
191,고백,23,오로라
192,WeRule,23,엘리시움
193,음악,23,오로라
194,에센스,23,루나
195,베베,23,루나
196,오키,23,베라
197,영혼,23,크로아
198,챠밍,23,엘리시움
199,고혹,23,루나
200,까꿍,22,크로아
201,이브이,22,스카니아
202,juice,22,베라
203,시대,22,엘리시움
204,원츄,22,스카니아
205,칠요,22,스카니아
206,제리,22,크로아
207,퍄퍄,21,베라
208,하주,21,스카니아
209,천년낙화,21,엘리시움
210,사이,21,스카니아
211,MoonStone,21,엘리시움
212,은화,21,오로라
213,별다방,21,크로아
214,YAYA,21,스카니아
215,출구,21,스카니아
216,케찹,21,베라
217,서월,21,루나
218,알콩,21,루나
219,주주,21,오로라
220,코야,21,루나
221,버터,21,크로아
222,아이엠캔들,21,스카니아
223,설레,21,엘리시움
224,정벌,20,스카니아
225,단순,20,루나
226,평등,20,엘리시움
227,귓속말,20,엘리시움
228,물망초,20,스카니아
229,도전,20,베라
230,리사,20,스카니아
231,얼짱,20,루나
232,야호,20,베라
233,경로당,20,스카니아
234,Fast,20,루나
235,High,20,엘리시움
236,광부,20,스카니아
237,참나,19,루나
238,Once,19,유니온
239,CLUB단비,19,엘리시움
240,야채,19,루나
241,학원도시,19,엘리시움
242,DEEP,19,엘리시움
243,로렌시아,18,엘리시움
244,루루,18,크로아
245,아케인,18,루나
246,또래,18,루나
247,엘리스,18,루나
248,신비주의,18,크로아
249,소교,18,베라
250,루루,18,엘리시움
251,핑크,18,엘리시움
252,겨울,18,오로라
253,리아,18,베라
254,soso,18,베라
255,로브,18,루나
256,EVER,18,크로아
257,리요,18,스카니아
258,Earth,18,엘리시움
259,돌정령,18,크로아
260,예능,17,베라
261,척살령,17,루나
262,STEP,17,엘리시움
263,천신,17,루나
264,아잉,17,레드
265,하리보,17,엘리시움
266,앗뜨,17,스카니아
267,흥미,17,제니스
268,망곰,17,루나
269,별밤,17,유니온
270,무기,17,크로아
271,시작,17,레드
272,순서,17,루나
273,에테르,17,루나
274,파이,17,크로아
275,소라,16,베라
276,Crust,16,베라
277,문화,16,레드
278,BOSS,16,엘리시움
279,르꼬끄,16,엘리시움
280,요거티,16,루나
281,o일방통행o,16,루나
282,여백,16,베라
283,문어,16,레드
284,바람,16,베라
285,산들,16,유니온
286,그랜드,16,스카니아
287,MAXIMUM,16,루나
288,IKARUS,16,제니스
289,님본,16,유니온
290,스페이드,16,엘리시움
291,mimi,16,크로아
292,아이테르,16,엘리시움
293,얼음,16,베라
294,Spectrum,16,스카니아
295,마약학과,16,엘리시움
296,대부,15,베라
297,그곳,15,오로라
298,밤편지,15,이노시스
299,미래,15,크로아
300,Adult,15,엘리시움
301,Melody,15,크로아
302,쿠키,15,스카니아
303,별빛,15,루나
304,인물,15,크로아
305,소담,15,크로아
306,JrFIM,15,루나
307,소원,15,루나
308,TheQuBic,15,유니온
309,Titan,15,루나
310,OurSwear,15,스카니아
311,미워,15,베라
312,노을진풍경,15,엘리시움
313,요정당,15,루나
314,아야,15,크로아
315,단풍들,15,엘리시움
316,하늘꽃,15,스카니아
317,쿵해또,15,엘리시움
318,아깽이,14,스카니아
319,인아,14,스카니아
320,앙잉,14,오로라
321,빵집,14,루나
322,앗츄,14,스카니아
323,꽃말,14,루나
324,웃음그리기,14,유니온
325,쓰레기,14,크로아
326,왓숑,14,루나
327,앙마,14,제니스
328,똘똘,14,스카니아
329,요요,14,베라
330,정상에서,14,베라
331,잎새,14,엘리시움
332,ELIXIR,14,베라
333,Duck,14,크로아
334,수성,14,루나
335,아웅다웅,14,루나
336,붕붕,14,크로아
337,독도,14,스카니아
338,투썸,14,오로라
339,하얀설꽃,14,루나
340,해몽,14,루나
341,온별,14,베라
342,달봄,13,오로라
343,Glow,13,루나
344,Melo,13,유니온
345,말랑말랑,13,엘리시움
346,어흥,13,엘리시움
347,눈설,13,루나
348,스카이,13,베라
349,깜찍,13,루나
350,GoodDay,13,유니온
351,딸기몽쉘,13,엘리시움
352,팅팅랜드,13,크로아
353,Lilac,13,스카니아
354,Normal,13,루나
355,키티,13,크로아
356,멀티플레이,13,크로아
357,낙양,13,스카니아
358,쪼쪼,13,크로아
359,뿔버섯,13,엘리시움
360,미뇽,13,크로아
361,봄뜻,13,루나
362,핫태,13,스카니아
363,Real,13,베라
364,오전,13,루나
365,멈멈,13,베라
366,내길,13,스카니아
367,가몽,13,엘리시움
368,심볼,13,엘리시움
369,뭐요,13,오로라
370,FREE,13,크로아
371,너울,13,루나
372,Sense,13,크로아
373,부비,13,베라
374,행복,13,크로아
375,파란장미,13,루나
376,백월,13,루나
377,말괄량이,12,스카니아
378,대견,12,루나
379,블리,12,스카니아
380,까망,12,이노시스
381,은빛,12,루나
382,Seren,12,베라
383,샤샤,12,스카니아
384,단련,12,크로아
385,봄이왔나봄,12,스카니아
386,오븐,12,크로아
387,판다,12,크로아
388,찹찹,12,루나
389,우주선,12,엘리시움
390,총총,12,엘리시움
391,Windy,12,엘리시움
392,채송화,12,엘리시움
393,꽃날,12,스카니아
394,Baby,12,크로아
395,비읍시옷,12,엘리시움
396,Cerberos,12,크로아
397,머큐리,12,크로아
398,Week,12,크로아
399,구애,12,크로아
400,HARMONY,12,루나
401,쥬얼,12,베라
402,만개화,12,레드
403,LuMinouS,11,크로아
404,다이아,11,루나
405,벙글,11,크로아
406,호두,11,이노시스
407,인형,11,아케인
408,쥬륵,11,크로아
409,바리스타,11,오로라
410,뉴문,11,엘리시움
411,청린,11,제니스
412,챔피언,11,스카니아
413,아오지,11,루나
414,보보,11,베라
415,간지,11,크로아
416,Temptation2,11,베라
417,Dawn,11,루나
418,송이,11,엘리시움
419,네온,11,오로라
420,음식,11,오로라
421,네모,11,엘리시움
422,뮤즈,11,제니스
423,5252,11,베라
424,백야,11,레드
425,다은,11,엘리시움
426,위스프,11,루나
427,꿀벌탐험대,11,스카니아
428,노작,11,엘리시움
429,홀딱,11,스카니아
430,블루,11,아케인
431,수련,11,스카니아
432,멍멍,11,스카니아
433,이닝,11,루나
434,Elin,11,스카니아
435,공략,11,오로라
436,봄들,11,크로아
437,이브닝,11,스카니아
438,사운드,11,엘리시움
439,별밤,11,베라
440,서리,11,엘리시움
441,유리,11,엘리시움
442,화요,11,루나
443,마망,11,크로아
444,데코,11,루나
445,송아,11,루나
446,빛별,10,스카니아
447,다람,10,크로아
448,블루문,10,베라
449,프리지아,10,오로라
450,coco,10,스카니아
451,Jump,10,엘리시움
452,크아아앙,10,스카니아
453,아리수,10,엘리시움
454,정감,10,크로아
455,도로시,10,유니온
456,알바,10,베라
457,포포리아,10,엘리시움
458,Droplet,10,루나
459,사월,10,레드
460,거인,10,제니스
461,청순소녀,10,엘리시움
462,목소리,10,엘리시움
463,도라이,10,스카니아
464,파랑새,10,엘리시움
465,헤브,10,베라
466,바다,10,스카니아
467,이지스,10,스카니아
468,영화속풍경,10,스카니아
469,포크,10,스카니아
470,닷지,10,오로라
471,두담두담,10,크로아
472,결전,10,스카니아
473,연청,10,크로아
474,Said,10,스카니아
475,평지,10,크로아
476,Room,10,루나
477,비선,10,베라
478,가오나시,10,베라
479,반숙,10,스카니아
480,분필,10,베라
481,사라사라,10,스카니아
482,Kissing,10,루나
483,먼지,10,오로라
484,szsz,10,루나
485,서커스,10,이노시스
486,편안,10,아케인
487,이리,10,루나
488,예지몽,10,오로라
489,분홍콩,10,크로아
490,데스틴,10,엘리시움
491,리즈,10,스카니아
492,북두칠성,10,베라
493,얌생이,10,스카니아
494,맥심,10,베라
495,BloodTear,10,스카니아
496,아케인리버,10,스카니아
497,네온,10,엘리시움
498,달성,10,베라
499,포니,10,루나
500,소소한동네,10,루나
501,Wish,10,베라
502,플루,10,루나
503,호감,10,베라
504,KLAS,10,크로아
505,루밍,9,엘리시움
506,세움,9,베라
507,백선,9,이노시스
508,Melody,9,루나
509,화양,9,루나
510,소율,9,크로아
511,재미,9,스카니아
512,다올,9,엘리시움
513,의무,9,유니온
514,딱찌,9,엘리시움
515,현명,9,오로라
516,완벽,9,오로라
517,유아,9,제니스
518,Fancy,9,스카니아
519,미소,9,엘리시움
520,감전,9,엘리시움
521,Innisfree,9,루나
522,Blackcat,9,루나
523,꿀빵,9,루나
524,Adelaide,9,베라
525,예의,9,오로라
526,휴식훈장교,9,스카니아
527,Today,9,유니온
528,방토,9,스카니아
529,올바름,9,루나
530,아스완,9,오로라
531,청단,9,크로아
532,EarthQuake,9,루나
533,Heimish,9,엘리시움
534,쿠키,9,크로아
535,초저녁,9,크로아
536,RUDE,9,스카니아
537,그라샤,9,유니온
538,도요,9,스카니아
539,WARNING,9,루나
540,히잉,9,크로아
541,빈둥,9,오로라
542,Slayer,9,레드
543,Caffeinism,9,루나
544,다크패밀리,9,제니스
545,고고,9,엘리시움
546,학교,9,스카니아
547,푸키,9,엘리시움
548,연소,9,루나
549,Odor,9,루나
550,토파즈,9,엘리시움
551,Accompany,9,크로아
552,쨍쨍,9,엘리시움
553,BONO,9,스카니아
554,엘로딘,9,루나
555,ZEST,9,유니온
556,행복,9,베라
557,피노,9,엘리시움
558,Nectarine,9,이노시스
559,라이언,9,이노시스
560,가축농장,9,루나
561,눈물,9,스카니아
562,네모,9,크로아
563,Ragras,8,엘리시움
564,모델,8,제니스
565,진부,8,베라
566,메롱,8,오로라
567,연못,8,크로아
568,미리,8,아케인
569,BURBERRY,8,엘리시움
570,여름비,8,크로아
571,로그호라이즌,8,유니온
572,이솔,8,크로아
573,태초,8,스카니아
574,Sorrows,8,루나
575,부활,8,루나
576,엘니도,8,유니온
577,단신,8,루나
578,허니,8,스카니아
579,디아,8,베라
580,샛별,8,스카니아
581,헤헤,8,스카니아
582,고치,8,엘리시움
583,도깨비,8,루나
584,첫경험,8,이노시스
585,달뽀,8,스카니아
586,Huma,8,베라
587,적생,8,아케인
588,소식,8,베라
589,하모니,8,루나
590,투신,8,루나
591,몽글이,8,베라
592,Shiny,8,크로아
593,유소유,8,크로아
594,연꽃,8,루나
595,온정,8,크로아
596,Unlimited,8,루나
597,뿔뿔,8,엘리시움
598,청은,8,엘리시움
599,크리티컬,8,제니스
600,Restarea,8,루나
601,마시마로,8,엘리시움
602,그루트,8,루나
603,holiday,8,루나
604,ADELE,8,엘리시움
605,재획,8,루나
606,Morale,8,스카니아
607,신화,8,루나
608,우릿,8,스카니아
609,SONGSONG,8,엘리시움
610,리듬,8,루나
611,품격,8,크로아
612,HarryPotter,8,루나
613,파이,8,레드
614,르옌,8,루나
615,피리,8,엘리시움
616,솜소미,8,스카니아
617,뚜껑,8,베라
618,하람,8,루나
619,초성,8,엘리시움
620,연화단,8,스카니아
621,오전,8,오로라
622,별담,8,베라
623,SHOT,8,이노시스
624,오구오구,8,크로아
625,유니언,8,유니온
626,그루밍,8,크로아
627,블랑,7,베라
628,합동,7,크로아
629,플라워,7,오로라
630,B9105,7,엘리시움
631,잠재,7,루나
632,꿀잠,7,베라
633,우리를,7,엘리시움
634,photo,7,크로아
635,수피아,7,크로아
636,화성,7,엘리시움
637,고양이,7,루나
638,낮밤,7,엘리시움
639,길냥이들,7,루나
640,봄에,7,노바
641,신선,7,스카니아
642,꺄아악,7,엘리시움
643,PRADA,7,베라
644,리얼,7,루나
645,둥둥,7,레드
646,너프,7,루나
647,패닉,7,루나
648,YeGreenA,7,스카니아
649,달여울,7,엘리시움
650,쪼리,7,베라
651,새벽,7,베라
652,Unity,7,제니스
653,별따러,7,베라
654,츄리닝,7,스카니아
655,뿔피리,7,엘리시움
656,맹꽁,7,스카니아
657,초선,7,베라
658,아띠,7,오로라
659,가로수,7,엘리시움
660,꼼지락,7,엘리시움
661,온도,7,베라
662,한글날,7,베라
663,포키,7,스카니아
664,슬슬,7,베라
665,유쾌,7,제니스
666,도서관,7,오로라
667,친애,7,크로아
668,뽀뽀,7,오로라
669,냐옹,7,아케인
670,아요,7,오로라
671,CrossHeart,7,스카니아
672,예쁨,7,스카니아
673,mysteric,7,루나
674,혈맹,7,스카니아
675,Autumn,7,루나
676,은하,7,루나
677,하리화,7,스카니아
678,1996,7,루나
679,페리온,7,엘리시움
680,매그넘,7,스카니아
681,뚜시,7,크로아
682,포스,7,루나
683,깊이,7,루나
684,Versus,7,스카니아
685,몽유,7,크로아
686,고추잠자리,7,스카니아
687,위즈원,7,스카니아
688,미향,7,제니스
689,뽀뽀,7,루나
690,달로,7,스카니아
691,단월,7,크로아
692,다정,7,오로라
693,파란달,7,엘리시움
694,은초,7,스카니아
695,크롬하츠,7,루나
696,체리콕,7,루나
697,천둥,7,스카니아
698,윤슬,7,레드
699,독종,6,아케인
700,벤틀리,6,베라
701,쓰담,6,베라
702,오프,6,크로아
703,온달,6,제니스
704,홍월,6,아케인
705,원더러,6,노바
706,하트,6,크로아
707,coco,6,레드
708,변태토끼,6,엘리시움
709,Lunaria,6,크로아
710,신수,6,루나
711,앙금앙금,6,크로아
712,미라클,6,스카니아
713,크로스,6,엘리시움
714,eCret,6,크로아
715,Justin,6,루나
716,머루,6,스카니아
717,다름,6,루나
718,루머,6,제니스
719,개나리,6,베라
720,라이브,6,베라
721,Wotan,6,엘리시움
722,Free,6,루나
723,원혼,6,루나
724,맛탕,6,스카니아
725,새벽,6,루나
726,19세미만금지,6,베라
727,알랑가몰라,6,엘리시움
728,마리,6,엘리시움
729,포비,6,오로라
730,봄비,6,베라
731,새온,6,베라
732,우주,6,크로아
733,솜보스,6,스카니아
734,셩이월드,6,제니스
735,여로,6,스카니아
736,Rabbits,6,루나
737,치비,6,루나
738,또이또이,6,스카니아
739,4차원,6,베라
740,안녕하신가영,6,이노시스
741,햇님,6,아케인
742,아기고양이,6,루나
743,진로,6,크로아
744,별다방,6,스카니아
745,야스,6,크로아
746,행복함,6,엘리시움
747,가지,6,스카니아
748,라온,6,엘리시움
749,날개,6,크로아
750,Rolster,6,스카니아
751,감귤,6,크로아
752,뿡뿡,6,스카니아
753,별빛세레나데,6,크로아
754,Alice,6,제니스
755,야신,6,엘리시움
756,북향,6,스카니아
757,우니,6,엘리시움
758,꽃너울,6,루나
759,정예,6,크로아
760,반하앙,6,크로아
761,구름별,6,베라
762,청록,6,루나
763,Homme,6,유니온
764,스타,6,엘리시움
765,Herz,6,엘리시움
766,술꾼,6,엘리시움
767,방긋,6,엘리시움
768,요기,6,루나
769,Amateur,6,크로아
770,샤프트,6,스카니아
771,해오름,6,오로라
772,티나,6,오로라
773,프리,6,루나
774,반지,6,크로아
775,아뮬렛,6,크로아
776,찬스,6,스카니아
777,나는개다,6,엘리시움
778,이래,6,루나
779,치쯔,6,엘리시움
780,은하문,6,크로아
781,병아리,6,크로아
782,점프,6,엘리시움
783,뭉개,6,크로아
784,짱구,6,제니스
785,청하,6,엘리시움
786,피코,6,엘리시움
787,뗑컨,6,크로아
788,늘솜,6,루나
789,흥흥,6,베라
790,품격,6,베라
791,예술가,6,스카니아
792,아름다움,5,오로라
793,사랑니,5,엘리시움
794,Aloha,5,베라
795,쿠앤크,5,크로아
796,여신,5,엘리시움
797,작은인연,5,엘리시움
798,능욕,5,크로아
799,연화,5,엘리시움
800,플립,5,스카니아
801,불빛II,5,엘리시움
802,애살,5,스카니아
803,부담,5,루나
804,굿모닝,5,이노시스
805,거울,5,크로아
806,지젤,5,베라
807,묘아,5,엘리시움
808,힐끔,5,루나
809,해시태그,5,크로아
810,항해,5,크로아
811,꼬물꼬물,5,엘리시움
812,솔새향,5,스카니아
813,얌또,5,스카니아
814,에잇,5,레드
815,토끼,5,루나
816,하트,5,스카니아
817,청춘,5,엘리시움
818,설하,5,레드
819,금동,5,스카니아
820,민트,5,아케인
821,쉼표,5,이노시스
822,또밍,5,루나
823,다이어리,5,루나
824,은행,5,이노시스
825,라인,5,엘리시움
826,뚜찌네,5,베라
827,단잠,5,스카니아
828,린포스,5,스카니아
829,투썸,5,제니스
830,흰곰,5,루나
831,단꽃,5,스카니아
832,토끼,5,엘리시움
833,Flow3r,5,루나
834,깜짝,5,엘리시움
835,소풍,5,루나
836,씽긋,5,스카니아
837,블루밍,5,베라
838,샤를로트,5,이노시스
839,복숭아,5,스카니아
840,찍찍,5,스카니아
841,싹뚝,5,루나
842,리틀,5,엘리시움
843,뽀에버,5,크로아
844,스틸대감,5,엘리시움
845,연봄,5,루나
846,밤하늘,5,루나
847,첫달,5,루나
848,소풍,5,오로라
849,따뜻,5,엘리시움
850,잉꼬,5,엘리시움
851,도화지,5,노바
852,새풀,5,스카니아
853,SPICA,5,레드
854,엘로디,5,루나
855,로맨틱,5,스카니아
856,대담,5,베라
857,Hershey,5,루나
858,체리,5,베라
859,카푸치노,5,베라
860,멍해,5,엘리시움
861,호갱팸,5,엘리시움
862,뽀달,5,오로라
863,긍지,5,오로라
864,따란,5,베라
865,큐브,5,루나
866,뷰비,5,엘리시움
867,누리,5,베라
868,당근,5,크로아
869,어떤날,5,베라
870,됴아,5,베라
871,화목,5,스카니아
872,솜빛,5,엘리시움
873,주당,5,루나
874,소신,5,베라
875,Eden,5,유니온
876,허무,5,스카니아
877,반애,5,크로아
878,백연화,5,루나
879,RedClover,5,베라
880,소행운,5,엘리시움
881,테디,5,스카니아
882,Glacial,5,제니스
883,쿵쿵,5,레드
884,루니,5,엘리시움
885,Lune,5,이노시스
886,꿀꿀,5,스카니아
887,밤결,5,엘리시움
888,장난,5,레드
889,구찌,5,스카니아
890,니니,5,루나
891,몽야,5,베라
892,HAVEN,5,엘리시움
893,화린,5,스카니아
894,갓모,5,엘리시움
895,카라스,5,루나
896,새빛,5,베라
897,별은,5,스카니아
898,오후,5,엘리시움
899,이해,5,이노시스
900,다온,5,베라
901,서역종,5,스카니아
902,찰랑,5,베라
903,요시,5,베라
904,시스템,5,베라
905,꽃길로,5,스카니아
906,별비,5,베라
907,뭉게,5,스카니아
908,포옹,5,베라
909,또래,5,베라
910,행운,5,크로아
911,파비앙,5,스카니아
912,Crater,5,스카니아
913,엘릭서삼,5,루나
914,야옹야옹,5,엘리시움
915,남양,5,크로아
916,흑묘,5,엘리시움
917,아울,5,루나
918,더블,5,루나
919,차카니,5,크로아
920,달성,5,루나
921,말랑한,5,크로아
922,Expire,5,레드
923,솜털,5,크로아
924,엔드,5,스카니아
925,와와,5,크로아
926,새콤달콤,5,크로아
927,주장,5,엘리시움
928,짖어,5,엘리시움
929,복덕방,5,루나
930,심연,5,스카니아
931,Fact,5,크로아
932,카카,5,루나
933,스마트,5,크로아
934,엠비션,5,베라
935,일장춘몽,5,루나
936,찌찌찌,4,스카니아
937,히히,4,스카니아
938,리넘,4,루나
939,드화,4,스카니아
940,Espera,4,오로라
941,우아,4,엘리시움
942,해월,4,이노시스
943,나기,4,스카니아
944,Calm,4,크로아
945,Well,4,크로아
946,꽃놀이,4,루나
947,스타,4,레드
948,해피,4,베라
949,고리대금,4,엘리시움
950,ICON,4,엘리시움
951,상아,4,베라
952,한빛가온,4,제니스
953,쿠션,4,엘리시움
954,우리,4,루나
955,사과,4,유니온
956,투페이스,4,스카니아
957,블랙헤븐,4,스카니아
958,전광,4,루나
959,경국지색,4,베라
960,니아,4,크로아
961,플포개구리,4,크로아
962,너에게,4,크로아
963,단풍놀이,4,오로라
964,음냐,4,엘리시움
965,토모다찌,4,유니온
966,니랑내랑,4,스카니아
967,루시드,4,오로라
968,좋은사람,4,오로라
969,손짓,4,베라
970,공원,4,오로라
971,비상구,4,루나
972,천사,4,베라
973,단콩,4,루나
974,Comfy,4,크로아
975,예향,4,엘리시움
976,Twosome,4,엘리시움
977,Bali,4,루나
978,진로,4,레드
979,Charm,4,크로아
980,도그,4,크로아
981,말랑,4,오로라
982,어라,4,스카니아
983,오버로드,4,엘리시움
984,머랭,4,레드
985,스샷,4,루나
986,분홍별,4,루나
987,기능,4,루나
988,빵또아,4,스카니아
989,PIXEL,4,스카니아
990,로아,4,레드
991,애플,4,루나
992,새벽,4,엘리시움
993,토닥,4,이노시스
994,샛별,4,크로아
995,프로,4,엘리시움
996,꿈터,4,루나
997,yabulsfamily,4,베라
998,시작,4,크로아
999,Citrin,4,크로아
1000,Ancestry,4,루나
1001,프로포즈ll,4,크로아
1002,불빛III,4,엘리시움
1003,투슬리스,4,베라
1004,뮤즈,4,오로라
1005,파이,4,엘리시움
1006,크리스마스,4,베라
1007,사랑,4,이노시스
1008,엣헴,4,엘리시움
1009,파멸,4,베라
1010,Imperium,4,베라
1011,율이랑,4,오로라
1012,아씨,4,베라
1013,Deer,4,크로아
1014,팬텀,4,유니온
1015,Gloria,4,엘리시움
1016,영차,4,스카니아
1017,닻별,4,제니스
1018,솔로인생,4,베라
1019,슬픔,4,루나
1020,순간,4,베라
1021,Girls,4,크로아
1022,뮤즈,4,루나
1023,시스터,4,스카니아
1024,plum,4,스카니아
1025,샘물,4,스카니아
1026,끝장,4,엘리시움
1027,핫플,4,크로아
1028,천사,4,루나
1029,나나,4,베라
1030,톳토로,4,스카니아
1031,당신,4,루나
1032,구조선,4,스카니아
1033,흰앵초,4,크로아
1034,TheFlash,4,크로아
1035,유투,4,크로아
1036,사과,4,베라
1037,고기,4,크로아
1038,야나두,4,크로아
1039,양금모띠,4,이노시스
1040,Abyss,4,크로아
1041,우정꽃,4,유니온
1042,Puremind,4,노바
1043,새봄,4,크로아
1044,추워,4,오로라
1045,솔로,4,크로아
1046,Plum,4,루나
1047,당분,4,엘리시움
1048,TheClash,4,유니온
1049,Rule,4,크로아
1050,아씨,4,엘리시움
1051,식사,4,루나
1052,포스터,4,엘리시움
1053,Timeless,4,엘리시움
1054,설아친구,4,스카니아
1055,순정이,4,오로라
1056,앙뿌,4,스카니아
1057,뿌잉,4,크로아
1058,로망스,4,엘리시움
1059,집단,4,레드
1060,단꿈,4,엘리시움
1061,버블,4,루나
1062,봄방학,4,스카니아
1063,편지,4,오로라
1064,밤끝,4,크로아
1065,종종,4,베라
1066,꼬맹이,4,노바
1067,명경지수,4,크로아
1068,감격,4,루나
1069,천상개,4,유니온
1070,미인,4,스카니아
1071,화기애애,4,루나
1072,풀하우스ost,4,유니온
1073,다니,4,레드
1074,랑방,4,크로아
1075,생과일,4,루나
1076,매력,4,오로라
1077,소중한사람,4,루나
1078,검은콩,4,루나
1079,순정,4,엘리시움
1080,은신처,4,루나
1081,이빙,4,베라
1082,멍멍,4,베라
1083,상상,4,스카니아
1084,nunu,4,루나
1085,저요,4,크로아
1086,우이,4,엘리시움
1087,뷔페,4,루나
1088,초초,4,베라
1089,Hermes,4,엘리시움
1090,루시냥,4,루나
1091,클릭,4,크로아
1092,뿜뿜,4,베라
1093,후라이,4,오로라
1094,늘봄,4,유니온
1095,소망,4,스카니아
1096,계절,4,제니스
1097,오리,4,유니온
1098,단풍담,4,오로라
1099,작은잎,4,크로아
1100,이얍,4,엘리시움
1101,국화,4,엘리시움
1102,Pluto,4,유니온
1103,까칠클럽,4,엘리시움
1104,겅부,4,루나
1105,비정,4,엘리시움
1106,이별,4,오로라
1107,너구리왕국,4,엘리시움
1108,한별,4,루나
1109,LION,4,오로라
1110,치킨먹고갈래,4,루나
1111,연리지,4,스카니아
1112,선아,4,루나
1113,JEstina,4,루나
1114,Astro,4,루나
1115,Likely,4,베라
1116,미행,4,크로아
1117,웨어,4,엘리시움
1118,검월,4,루나
1119,새랑,4,오로라
1120,Waltz,3,스카니아
1121,비비,3,엘리시움
1122,Honey,3,유니온
1123,꽃길,3,크로아
1124,출발,3,오로라
1125,철부지,3,엘리시움
1126,1004,3,아케인
1127,리턴,3,레드
1128,마법,3,스카니아
1129,그건니생각,3,루나
1130,분꽃,3,루나
1131,렌즈,3,스카니아
1132,둥둥,3,엘리시움
1133,솜귤,3,베라
1134,비행기,3,베라
1135,크리스마스,3,루나
1136,달퐁,3,루나
1137,소식,3,엘리시움
1138,리피아,3,스카니아
1139,우다다,3,크로아
1140,자전,3,이노시스
1141,메롱,3,스카니아
1142,고장강원정대,3,루나
1143,MAZE,3,베라
1144,세시,3,스카니아
1145,수플레,3,루나
1146,별풍선,3,오로라
1147,Promise,3,크로아
1148,먀미,3,베라
1149,프리,3,베라
1150,아리에,3,루나
1151,새빛,3,레드
1152,마라벨,3,스카니아
1153,치쯔,3,루나
1154,Wink,3,스카니아
1155,예능반,3,이노시스
1156,케빈,3,루나
1157,프랑,3,크로아
1158,신전,3,크로아
1159,메땅,3,스카니아
1160,야채와친구들,3,스카니아
1161,Aile,3,루나
1162,소소,3,제니스
1163,별림,3,루나
1164,순간,3,엘리시움
1165,흰눈,3,베라
1166,Pixar,3,엘리시움
1167,샤방,3,엘리시움
1168,내일,3,스카니아
1169,Disney,3,엘리시움
1170,데이,3,스카니아
1171,오색,3,스카니아
1172,Lush,3,루나
1173,Modesty,3,크로아
1174,플라토닉,3,루나
1175,푸푸,3,루나
1176,하품,3,엘리시움
1177,염출,3,스카니아
1178,쇼퍼,3,크로아
1179,SlamDunk,3,루나
1180,자이드,3,이노시스
1181,투슬리스,3,오로라
1182,고의,3,오로라
1183,나랑,3,루나
1184,아랑,3,유니온
1185,기적,3,크로아
1186,인연,3,오로라
1187,다람이,3,스카니아
1188,기본,3,엘리시움
1189,애니바디,3,스카니아
1190,세라핌,3,스카니아
1191,가호,3,아케인
1192,주민,3,크로아
1193,풀코스,3,베라
1194,사선,3,루나
1195,놀구있네,3,제니스
1196,열무,3,베라
1197,엔젤릭버스터,3,루나
1198,뿌띠,3,베라
1199,세화,3,베라
1200,17171771,3,루나
1201,놀이터,3,유니온
1202,불량배,3,루나
1203,로망로즈,3,루나
1204,결합,3,이노시스
1205,블랙,3,스카니아
1206,꼬몽,3,베라
1207,하나회,3,스카니아
1208,러그,3,스카니아
1209,Charmy,3,스카니아
1210,매복,3,스카니아
1211,쿠키,3,엘리시움
1212,매일,3,크로아
1213,DragonUnite,3,루나
1214,꼬까신,3,제니스
1215,포로리,3,베라
1216,exploit,3,크로아
1217,나무꾼이야기,3,루나
1218,수고,3,루나
1219,원탁의기사,3,베라
1220,설안,3,스카니아
1221,토담,3,스카니아
1222,블랙헤븐,3,엘리시움
1223,뿌까,3,아케인
1224,wise,3,크로아
1225,개구릿대,3,루나
1226,UDALLY,3,스카니아
1227,헥헥,3,크로아
1228,Fashion,3,루나
1229,베이비,3,엘리시움
1230,흠뻑,3,엘리시움
1231,흑설,3,스카니아
1232,패시브,3,베라
1233,곰댕이,3,스카니아
1234,필무렵,3,크로아
1235,페르,3,루나
1236,누네띠네,3,루나
1237,밤꿀,3,베라
1238,소문의여자,3,엘리시움
1239,청개구리단,3,스카니아
1240,제거,3,스카니아
1241,시간의틈새,3,스카니아
1242,바나,3,크로아
1243,옵이탈,3,스카니아
1244,문달,3,엘리시움
1245,헬로,3,레드
1246,누누,3,제니스
1247,깡촌사나이들,3,제니스
1248,엔비,3,루나
1249,눈길,3,스카니아
1250,빠밤단,3,오로라
1251,꽃길,3,오로라
1252,한립,3,제니스
1253,피드,3,스카니아
1254,인스타,3,스카니아
1255,숌숌,3,스카니아
1256,짱구,3,베라
1257,로밍,3,오로라
1258,메덕,3,이노시스
1259,새솔,3,루나
1260,미리내,3,루나
1261,올드보이,3,유니온
1262,갓깟,3,엘리시움
1263,별난,3,루나
1264,한그루,3,베라
1265,자몽,3,엘리시움
1266,은하문,3,이노시스
1267,별빛,3,스카니아
1268,자두,3,베라
1269,야경,3,제니스
1270,해시태그하투,3,베라
1271,아이셔,3,크로아
1272,천하무적,3,루나
1273,새랑,3,아케인
1274,썸썸,3,크로아
1275,오우,3,엘리시움
1276,카르페디엠,3,노바
1277,얼음,3,스카니아
1278,Gather,3,크로아
1279,세화,3,이노시스
1280,Sexy,3,루나
1281,벚꽃잎,3,크로아
1282,도라,3,제니스
1283,제어,3,스카니아
1284,지방지방,3,엘리시움
1285,Zo폭,3,스카니아
1286,미소천사,3,루나
1287,에일린,3,루나
1288,금단,3,루나
1289,댕댕,3,루나
1290,으냥,3,루나
1291,시시,3,베라
1292,꿀댕,3,스카니아
1293,Cheer,3,오로라
1294,Lina,3,루나
1295,런던,3,베라
1296,단밤,3,오로라
1297,카데나,3,스카니아
1298,다솔,3,베라
1299,북극곰,3,루나
1300,Baby,3,스카니아
1301,릴리교,3,엘리시움
1302,호랑,3,레드
1303,히루,3,스카니아
1304,중심,3,유니온
1305,소라,3,이노시스
1306,대기중,3,크로아
1307,톡힝,3,크로아
1308,예감,3,엘리시움
1309,GoodDay,3,크로아
1310,바로그길드,3,아케인
1311,라루나,3,제니스
1312,고양,3,유니온
1313,플로라,3,베라
1314,레빗하우스,3,오로라
1315,설렘가득,3,스카니아
1316,소백,3,스카니아
1317,뽀송,3,오로라
1318,도롱,3,크로아
1319,기사,3,오로라
1320,약속,3,제니스
1321,나비,3,크로아
1322,ELTIA,3,엘리시움
1323,이루,3,루나
1324,Frosty,3,루나
1325,멜로가,3,스카니아
1326,해방,3,베라
1327,선과악,3,스카니아
1328,탬버린,3,루나
1329,에우렐,3,스카니아
1330,Best,3,엘리시움
1331,변혁,3,루나
1332,도담,3,크로아
1333,보스,3,베라
1334,버닝,3,유니온
1335,디팡,3,루나
1336,LPSM,3,레드
1337,초코우유,3,베라
1338,소야,3,엘리시움
1339,피렌체,3,엘리시움
1340,oops,3,루나
1341,BOSS,3,크로아
1342,꽁냥꽁냥,3,루나
1343,Ranunculus,3,엘리시움
1344,꼬물,3,스카니아
1345,TimeRiver,3,엘리시움
1346,아잉,3,엘리시움
1347,읍읍이,3,크로아
1348,텅장,3,크로아
1349,재야,3,크로아
1350,Nate,3,크로아
1351,출세,3,루나
1352,독종,3,이노시스
1353,Modern,3,크로아
1354,따랑,3,스카니아
1355,Nafly,3,베라
1356,믿음,3,이노시스
1357,딜리아,3,스카니아
1358,까망별,3,크로아
1359,태초,3,루나
1360,재롱,3,크로아
1361,매린이,3,크로아
1362,메구밍,3,엘리시움
1363,Cato,3,베라
1364,네오킨,3,스카니아
1365,은하,3,스카니아
1366,home,3,엘리시움
1367,반달,3,이노시스
1368,끝없는사랑,3,베라
1369,오차,3,스카니아
1370,딩고,3,루나
1371,로그,3,엘리시움
1372,평화,3,이노시스
1373,시련,3,베라
1374,핥핥,3,루나
1375,우주,3,이노시스
1376,악마,3,스카니아
1377,아홉수,3,베라
1378,사랑,3,엘리시움
1379,이득,3,루나
1380,Hestia,3,이노시스
1381,백치미,3,스카니아
1382,Ellui,2,크로아
1383,얼조와이지스,2,유니온
1384,깡총,2,루나
1385,코끼리,2,베라
1386,감귤패밀리,2,베라
1387,부산의남장들,2,크로아
1388,대패,2,엘리시움
1389,냥냥,2,제니스
1390,코델리아,2,루나
1391,목욕탕,2,이노시스
1392,사랑방,2,스카니아
1393,새랑,2,베라
1394,나사리스,2,스카니아
1395,뭉클s,2,크로아
1396,천지회,2,엘리시움
1397,사람,2,베라
1398,상담소,2,베라
1399,소리,2,스카니아
1400,HARMONY,2,유니온
1401,꽃피는사랑,2,루나
1402,꼬치,2,베라
1403,배GO파,2,루나
1404,Rosemary,2,유니온
1405,고운,2,레드
1406,오살,2,엘리시움
1407,촛불,2,루나
1408,삼국지,2,레드
1409,기쁨조,2,엘리시움
1410,탈출,2,베라
1411,VVVVV,2,엘리시움
1412,요물,2,레드
1413,타로,2,엘리시움
1414,와아,2,베라
1415,시원해,2,엘리시움
1416,카톡,2,유니온
1417,미요,2,크로아
1418,멋장가,2,루나
1419,아롱,2,베라
1420,롯토리,2,엘리시움
1421,꼼지락2,2,유니온
1422,Critical,2,이노시스
1423,Eine,2,루나
1424,아담,2,크로아
1425,아만다,2,베라
1426,와이파이,2,유니온
1427,존재,2,유니온
1428,별빛바람,2,엘리시움
1429,똥아,2,크로아
1430,진인,2,루나
1431,뽀뽀뽀,2,제니스
1432,SunMoon,2,엘리시움
1433,하나의우주,2,루나
1434,메사단,2,이노시스
1435,하일박종우,2,크로아
1436,꼬마별,2,베라
1437,바다,2,제니스
1438,팡팡,2,스카니아
1439,난초,2,루나
1440,은행속단풍,2,크로아
1441,레프,2,루나
1442,좋은친구들,2,루나
1443,Wink,2,루나
1444,야상곡,2,루나
1445,재간둥이,2,루나
1446,달려,2,유니온
1447,분리정제,2,아케인
1448,혈연,2,루나
1449,양귀비,2,스카니아
1450,자유인,2,엘리시움
1451,군고구마,2,엘리시움
1452,토쿄,2,스카니아
1453,라루나,2,루나
1454,블랑,2,루나
1455,조직,2,엘리시움
1456,무화,2,엘리시움
1457,달보드레,2,레드
1458,포밀,2,엘리시움
1459,트리플크라운,2,엘리시움
1460,보송,2,크로아
1461,행복Station,2,유니온
1462,소은,2,스카니아
1463,덥석,2,루나
1464,시원,2,크로아
1465,알림,2,이노시스
1466,초은,2,루나
1467,키키,2,엘리시움
1468,단잠,2,엘리시움
1469,탐식,2,엘리시움
1470,광란클럽,2,스카니아
1471,Louise,2,유니온
1472,세미,2,베라
1473,첫달,2,엘리시움
1474,황금나무,2,베라
1475,집사,2,스카니아
1476,파멸룡,2,스카니아
1477,만족,2,엘리시움
1478,물감,2,크로아
1479,구경꾼,2,루나
1480,Beyond,2,유니온
1481,STREET,2,엘리시움
1482,애정,2,오로라
1483,엿1일진,2,크로아
1484,오아시스,2,유니온
1485,하하하하,2,엘리시움
1486,래그,2,크로아
1487,지민걱정회,2,크로아
1488,밤별빛,2,스카니아
1489,요들,2,스카니아
1490,길축,2,오로라
1491,zebra,2,스카니아
1492,Vintage,2,루나
1493,체스,2,이노시스
1494,블랑,2,제니스
1495,콩주르,2,루나
1496,GOOD,2,노바
1497,Insert,2,제니스
1498,제른,2,크로아
1499,Heaven,2,루나
1500,Chiz,2,베라
1501,크리스탈가든,2,오로라
1502,언구네,2,베라
1503,실프,2,유니온
1504,네이버,2,스카니아
1505,저녁뭐먹지,2,엘리시움
1506,기둥,2,크로아
1507,너무,2,베라
1508,오픈마인드,2,스카니아
1509,카라멜,2,크로아
1510,댕글,2,루나
1511,허그,2,엘리시움
1512,초록매실,2,엘리시움
1513,흑요석,2,스카니아
1514,냥랜드,2,루나
1515,접속,2,크로아
1516,수월,2,루나
1517,리제,2,크로아
1518,moca,2,루나
1519,우아,2,크로아
1520,야왕,2,루나
1521,펭귄,2,레드
1522,육해공,2,베라
1523,애인,2,크로아
1524,이또,2,오로라
1525,아기상어,2,스카니아
1526,소나기,2,베라
1527,Destiny,2,스카니아
1528,엑스,2,엘리시움
1529,봄의향기,2,오로라
1530,무도회,2,스카니아
1531,교감지기,2,유니온
1532,협동,2,베라
1533,Healing,2,스카니아
1534,Laverde,2,엘리시움
1535,두근,2,엘리시움
1536,손해,2,크로아
1537,몬스터컬렉션,2,엘리시움
1538,브이,2,레드
1539,우주,2,루나
1540,레시피,2,엘리시움
1541,맑은,2,베라
1542,걸음걸이,2,스카니아
1543,휴학자퇴,2,베라
1544,초급,2,유니온
1545,쏘옥,2,엘리시움
1546,홍초,2,루나
1547,룬즈,2,유니온
1548,기쁨해,2,크로아
1549,담소,2,루나
1550,빼애액,2,이노시스
1551,은지,2,크로아
1552,루냐,2,오로라
1553,Flor,2,루나
1554,쿠키,2,이노시스
1555,랑하,2,루나
1556,Khalai,2,제니스
1557,곽곽,2,엘리시움
1558,초신성,2,유니온
1559,더로드,2,스카니아
1560,구이,2,크로아
1561,szss,2,스카니아
1562,또미,2,엘리시움
1563,Rabbit,2,루나
1564,5959,2,루나
1565,노바1492,2,스카니아
1566,엑스맨,2,엘리시움
1567,야영지,2,스카니아
1568,oyalty,2,루나
1569,엔젤릭버스터,2,스카니아
1570,백야,2,제니스
1571,꽃단비,2,크로아
1572,코디,2,유니온
1573,아유,2,크로아
1574,충격과공포,2,오로라
1575,독기,2,오로라
1576,별빛토끼,2,스카니아
1577,티티,2,베라
1578,이퀄,2,크로아
1579,바니,2,크로아
1580,한양로봇,2,엘리시움
1581,청호,2,베라
1582,HDMI,2,유니온
1583,야야,2,스카니아
1584,빠빠열매,2,루나
1585,레슨,2,스카니아
1586,Leap,2,엘리시움
1587,엘보는불쌍해,2,루나
1588,하랑,2,크로아
1589,자상,2,루나
1590,좋아,2,엘리시움
1591,보라보라,2,베라
1592,술술,2,스카니아
1593,투플,2,스카니아
1594,pass,2,크로아
1595,Aria,2,오로라
1596,오늘만,2,루나
1597,랜덤,2,엘리시움
1598,미니스톱,2,엘리시움
1599,Arietta,2,엘리시움
1600,lulu,2,베라
1601,Rebirth,2,루나
1602,건지,2,유니온
1603,마을패밀리,2,유니온
1604,하링,2,스카니아
1605,으악,2,베라
1606,모닝패밀리,2,엘리시움
1607,TimeUp,2,유니온
1608,뭉꿀,2,크로아
1609,큐어,2,베라
1610,꼬아,2,오로라
1611,형무소,2,엘리시움
1612,인내,2,엘리시움
1613,쥬쥬,2,크로아
1614,흔들,2,크로아
1615,까칠,2,유니온
1616,아우라,2,크로아
1617,라카,2,베라
1618,할짝,2,베라
1619,아르크스,2,크로아
1620,설원,2,엘리시움
1621,개꼴통,2,스카니아
1622,잉꼬,2,스카니아
1623,화이팅,2,엘리시움
1624,에페,2,엘리시움
1625,Hero,2,오로라
1626,도쪼,2,엘리시움
1627,돌핀,2,크로아
1628,디스,2,베라
1629,림피드,2,크로아
1630,Uhoo,2,스카니아
1631,로옹,2,루나
1632,존재,2,스카니아
1633,정상이없어,2,크로아
1634,KidNap,2,스카니아
1635,딩고,2,엘리시움
1636,위웅,2,엘리시움
1637,너랑나,2,이노시스
1638,요뜨,2,스카니아
1639,요나,2,스카니아
1640,여기,2,노바
1641,깨발랄,2,베라
1642,한겨울,2,스카니아
1643,마림탕,2,유니온
1644,쫑긋,2,스카니아
1645,아카시아,2,루나
1646,자림,2,크로아
1647,Banana,2,엘리시움
1648,Eileen,2,엘리시움
1649,영웅의해우소,2,이노시스
1650,고양이두마리,2,베라
1651,요롱롱,2,유니온
1652,첫달,2,베라
1653,점심시간,2,베라
1654,폼폼,2,루나
1655,저녁뭐먹지,2,스카니아
1656,길뿌받자,2,루나
1657,이든,2,엘리시움
1658,츄니,2,스카니아
1659,SilverTip,2,루나
1660,마음,2,루나
1661,꽃손,2,베라
1662,하리,2,아케인
1663,Round,2,루나
1664,갱이와2,2,엘리시움
1665,매력적인,2,베라
1666,도토리,2,노바
1667,사뿐,2,스카니아
1668,하노,2,베라
1669,화염,2,루나
1670,루시엘,2,스카니아
1671,이별,2,크로아
1672,맥주,2,스카니아
1673,소개,2,베라
1674,랜덤,2,크로아
1675,흑송,2,베라
1676,라스베가스,2,크로아
1677,베프,2,오로라
1678,해원,2,베라
1679,breash,2,오로라
1680,비몽,2,루나
1681,친구,2,베라
1682,독도수비대,2,루나
1683,아량,2,이노시스
1684,별별,2,스카니아
1685,twitchTV,2,루나
1686,쥬앙,2,베라
1687,초야,2,크로아
1688,캐치마인드,2,오로라
1689,일랑,2,크로아
1690,애니,2,베라
1691,COUPIE,2,스카니아
1692,왕족,2,유니온
1693,딸리젤기,2,유니온
1694,세컨드,2,엘리시움
1695,빨갱이,2,오로라
1696,Crush,2,크로아
1697,아림,2,베라
1698,빠아,2,베라
1699,리펠리오스,2,스카니아
1700,둘리,2,엘리시움
1701,빛의영웅,2,엘리시움
1702,러블리해,2,엘리시움
1703,Hacking,2,크로아
1704,왕숑,2,스카니아
1705,푸르미,2,이노시스
1706,동행,2,베라
1707,음유,2,베라
1708,행운,2,베라
1709,캠핑,2,엘리시움
1710,탱탱이들,2,스카니아
1711,Elice,2,루나
1712,화나,2,크로아
1713,Esquisse,2,베라
1714,마시마로,2,오로라
1715,포니,2,오로라
1716,마녀의숲,2,엘리시움
1717,델핀,2,크로아
1718,셰인,2,스카니아
1719,응애단,2,엘리시움
1720,Piacere,2,오로라
1721,삼성조선소,2,루나
1722,가막못,2,베라
1723,냥집,2,루나
1724,Hans,2,스카니아
1725,쁘쁘,2,루나
1726,개부,2,오로라
1727,LoveIyz,2,베라
1728,사냥하자,2,스카니아
1729,비숑,2,베라
1730,대충살자,2,베라
1731,샐러드,2,베라
1732,매니아,2,엘리시움
1733,덤덤,2,엘리시움
1734,안개숲,2,크로아
1735,하늘,2,스카니아
1736,깨비깨비,2,엘리시움
1737,혜교,2,루나
1738,이루,2,엘리시움
1739,꽃방,2,루나
1740,본죽,2,베라
1741,CuteSoul,2,유니온
1742,화린,2,루나
1743,혜자,2,제니스
1744,은루,2,루나
1745,끝자락,2,엘리시움
1746,연합의에이스,2,루나
1747,l레오폴드l,2,루나
1748,나비잠,2,오로라
1749,Focus,2,제니스
1750,르나비,2,오로라
1751,흔한길드,2,크로아
1752,자자,2,베라
1753,색감,2,엘리시움
1754,향락,2,베라
1755,다숑,2,스카니아
1756,Astin,2,유니온
1757,건물주,2,레드
1758,천년사랑,2,루나
1759,펜타힐즈,2,크로아
1760,뽑자,2,스카니아
1761,돌담,2,스카니아
1762,Ghost,2,제니스
1763,사보,2,크로아
1764,벤송벤송,2,오로라
1765,좋은사람,2,레드
1766,Darkness,2,유니온
1767,Rumble,2,크로아
1768,가축방,2,스카니아
1769,아거,2,스카니아
1770,빈콩,2,오로라
1771,사권,2,스카니아
1772,곡식,2,크로아
1773,포차,2,엘리시움
1774,Dodge,2,베라
1775,유치원,2,유니온
1776,와플,2,레드
1777,유주,2,루나
1778,아주,2,스카니아
1779,미침,2,스카니아
1780,사직서,2,루나
1781,NewThink,2,크로아
1782,마일리지,2,유니온
1783,오키,2,크로아
1784,흑치,2,베라
1785,어푸,2,오로라
1786,Knock,2,크로아
1787,달샘,2,스카니아
1788,빵아지,2,루나
1789,PRINCE,2,베라
1790,신비,2,제니스
1791,BEST,2,루나
1792,쑥쑥,2,스카니아
1793,공화,2,크로아
1794,PinkPanda,2,오로라
1795,밍기적,2,이노시스
1796,원이네,2,크로아
1797,애하,2,베라
1798,연분,2,크로아
1799,경기도화성시,2,루나
1800,단화,2,크로아
1801,위버,2,스카니아
1802,개미개미,2,크로아
1803,디저트,2,오로라
1804,카시오페이아,2,스카니아
1805,Cartier,2,루나
1806,작곡,2,베라
1807,참깨,2,베라
1808,FateGO,2,루나
1809,벨라,2,레드
1810,스타벅스,2,유니온
1811,샷건,2,엘리시움
1812,Butterfly,2,엘리시움
1813,코젬,2,베라
1814,클럽,2,레드
1815,BOBO,2,크로아
1816,남신,2,크로아
1817,스라벨,2,엘리시움
1818,밤빛,2,크로아
1819,늦잠,2,이노시스
1820,음침,2,루나
1821,글자네,2,크로아
1822,작은별,2,엘리시움
1823,시계꽃,2,베라
1824,소인,2,루나
1825,Jolly,2,크로아
1826,Aqua,2,루나
1827,도화,2,유니온
1828,허울,2,스카니아
1829,바닐라,2,베라
1830,Rios,2,베라
1831,초특가야놀자,2,베라
1832,샤를,2,루나
1833,리온,2,엘리시움
1834,사탕줄게,2,엘리시움
1835,보글,2,유니온
1836,뽀송,2,베라
1837,아미노,2,이노시스
1838,흰토끼굴,2,크로아
1839,천운,2,제니스
1840,삼삼,2,엘리시움
1841,알콩,2,이노시스
1842,알쏭,2,루나
1843,조용,2,이노시스
1844,하품,2,베라
1845,포코,2,루나
1846,팔자,2,스카니아
1847,zeze,2,베라
1848,천문,2,크로아
1849,마후테루,2,엘리시움
1850,암시,2,루나
1851,천월,2,루나
1852,루체,2,루나
1853,갱이와3,2,엘리시움
1854,안티나,2,스카니아
1855,무요,2,스카니아
1856,잡담,2,엘리시움
1857,브런치,2,베라
1858,봄연,1,스카니아
1859,북극성,1,제니스
1860,구면,1,엘리시움
1861,oofh,1,스카니아
1862,쪼꼬맹이들,1,유니온
1863,ComForTable,1,유니온
1864,Pick,1,베라
1865,TestA021,1,베라
1866,그린벨트,1,베라
1867,여우별,1,엘리시움
1868,6780,1,루나
1869,레이,1,유니온
1870,아르메,1,루나
1871,리델,1,루나
1872,SONIA,1,제니스
1873,성난황소,1,엘리시움
1874,솔플러,1,베라
1875,쿠하우스,1,엘리시움
1876,GAZUA,1,루나
1877,키스,1,루나
1878,시간,1,스카니아
1879,엘라,1,루나
1880,유엔아이,1,엘리시움
1881,보스챌린지,1,베라
1882,메멘토리,1,크로아
1883,정통,1,제니스
1884,퍼오인,1,아케인
1885,미드,1,베라
1886,밀루유떼z,1,제니스
1887,팬오션,1,베라
1888,취미는사랑,1,루나
1889,Control,1,베라
1890,치킨,1,베라
1891,CarPeDlem,1,루나
1892,로비,1,스카니아
1893,천명짱,1,스카니아
1894,브루탈,1,루나
1895,뽀빠이,1,루나
1896,하나,1,베라
1897,비화,1,엘리시움
1898,나랑,1,이노시스
1899,아미스토소,1,제니스
1900,시나래,1,스카니아
1901,연매,1,스카니아
1902,1부처님1,1,스카니아
1903,수첩,1,베라
1904,쭉빵섹시클럽,1,엘리시움
1905,공육어스,1,엘리시움
1906,허니,1,엘리시움
1907,아잉국,1,엘리시움
1908,아점,1,루나
1909,냥냐냥냥,1,베라
1910,노란꽃,1,베라
1911,봄이슬,1,루나
1912,기여도돌이,1,유니온
1913,게임,1,크로아
1914,Lovely,1,크로아
1915,항암제,1,레드
1916,귀속,1,스카니아
1917,에코,1,이노시스
1918,CEREMONIA,1,베라
1919,찬물,1,레드
1920,Cordelia,1,유니온
1921,방어율무시,1,스카니아
1922,하나로,1,크로아
1923,토크,1,베라
1924,해윰,1,엘리시움
1925,마누라오빠,1,루나
1926,Beautiful,1,오로라
1927,StoryWorld,1,베라
1928,Star,1,크로아
1929,꽃의향기,1,엘리시움
1930,보석빛바다,1,베라
1931,안드로이드,1,루나
1932,그이름만으로,1,유니온
1933,창조룬,1,엘리시움
1934,레몬티,1,크로아
1935,비눗방울,1,엘리시움
1936,별천지,1,유니온
1937,atti,1,엘리시움
1938,극락,1,베라
1939,덩치,1,엘리시움
1940,호랑이,1,크로아
1941,짱절미,1,루나
1942,챔피언스,1,루나
1943,APAP길드,1,크로아
1944,꼬리,1,엘리시움
1945,식당,1,베라
1946,Elitism,1,엘리시움
1947,보람은행,1,아케인
1948,메접,1,오로라
1949,효과,1,엘리시움
1950,여름싫어,1,베라
1951,줘팸,1,루나
1952,멍꿀,1,크로아
1953,스우,1,제니스
1954,무길,1,크로아
1955,크로노,1,크로아
1956,셀럽,1,크로아
1957,Okay,1,루나
1958,MIAN,1,유니온
1959,상수네,1,크로아
1960,얏호,1,스카니아
1961,성실,1,루나
1962,꼬북,1,루나
1963,봄낮,1,스카니아
1964,조그만정령,1,루나
1965,노빌리티,1,루나
1966,제니,1,유니온
1967,너바,1,베라
1968,중립,1,스카니아
1969,인키,1,베라
1970,Poison,1,유니온
1971,콩두,1,크로아
1972,시츄,1,루나
1973,이제그만,1,스카니아
1974,Chris,1,엘리시움
1975,4422,1,루나
1976,TeamFun,1,루나
1977,냠냠,1,루나
1978,물감,1,엘리시움
1979,무의식,1,스카니아
1980,존망겜,1,엘리시움
1981,츤츤,1,스카니아
1982,맑은달빛,1,루나
1983,RIAHN,1,루나
1984,치꼬,1,크로아
1985,월터,1,크로아
1986,파산신청,1,베라
1987,정예,1,레드
1988,노바,1,크로아
1989,리스,1,크로아
1990,우아네,1,레드
1991,Iove,1,루나
1992,꿈속,1,루나
1993,세력,1,오로라
1994,설렘,1,스카니아
1995,해수어,1,스카니아
1996,제이드스칼랫,1,아케인
1997,뿌뿌,1,레드
1998,점심값비싸요,1,스카니아
1999,세빛,1,크로아
2000,빌런연합,1,루나
2001,나비,1,스카니아
2002,빠밤단,1,크로아
2003,거짓말,1,루나
2004,스티치,1,레드
2005,룻돌,1,스카니아
2006,나름팸,1,엘리시움
2007,Esperance,1,크로아
2008,독거모음,1,스카니아
2009,메이트,1,오로라
2010,나른,1,오로라
2011,육성용,1,노바
2012,NEVER,1,루나
2013,핫쇼킹,1,크로아
2014,유짱,1,베라
2015,미하일,1,루나
2016,Rainbow,1,엘리시움
2017,doll,1,크로아
2018,카와이,1,베라
2019,연서네,1,크로아
2020,러브스토리,1,엘리시움
2021,소덩이똥,1,엘리시움
2022,웨이,1,크로아
2023,Daytoday,1,스카니아
2024,영온,1,베라
2025,메밀꽃,1,레드
2026,시월,1,크로아
2027,스꼴,1,루나
2028,보고가,1,루나
2029,tkfkd,1,루나
2030,사과케이크,1,루나
2031,틴틴,1,엘리시움
2032,꼬야,1,루나
2033,클루,1,엘리시움
2034,Atti,1,스카니아
2035,스마트루빙,1,루나
2036,서린비,1,크로아
2037,망충이,1,루나
2038,길냥,1,크로아
2039,걸레,1,스카니아
2040,고수회,1,루나
2041,별이되어라,1,스카니아
2042,행님,1,크로아
2043,프메,1,루나
2044,멀로,1,스카니아
2045,데슬,1,유니온
2046,학동,1,루나
2047,파티룸,1,스카니아
2048,Subi,1,크로아
2049,새벽녘,1,크로아
2050,보둥보둥,1,스카니아
2051,콩당,1,크로아
2052,토끼전용유니,1,루나
2053,Seoul,1,스카니아
2054,Budapest,1,유니온
2055,펭수,1,베라
2056,유령신부,1,스카니아
2057,커피오일,1,스카니아
2058,데린,1,레드
2059,박리다매,1,크로아
2060,wolf,1,베라
2061,메리,1,제니스
2062,모얌,1,스카니아
2063,수원이,1,오로라
2064,주간보스,1,스카니아
2065,BanKey,1,베라
2066,아리아,1,유니온
2067,Cruz,1,이노시스
2068,고준서,1,유니온
2069,Medusa,1,유니온
2070,고대슬라임,1,오로라
2071,134340,1,엘리시움
2072,순호,1,루나
2073,나발,1,베라
2074,RedApple,1,스카니아
2075,영근,1,베라
2076,sunide,1,베라
2077,장공델아,1,루나
2078,포피파,1,크로아
2079,Arin,1,크로아
2080,상자,1,베라
2081,색채,1,크로아
2082,온실,1,크로아
2083,비트,1,베라
2084,별하,1,스카니아
2085,인하대,1,스카니아
2086,PIay,1,스카니아
2087,귤나무,1,크로아
2088,상어가족,1,크로아
2089,낙성대,1,엘리시움
2090,소진,1,엘리시움
2091,블랙말랑카우,1,레드
2092,질주,1,스카니아
2093,민트초코라떼,1,루나
2094,저격,1,제니스
2095,말썽,1,엘리시움
2096,준우승,1,오로라
2097,Shift,1,크로아
2098,소확행,1,유니온
2099,봉구뚱이,1,스카니아
2100,잠식,1,루나
2101,밤의아이돌,1,루나
2102,밤길,1,엘리시움
2103,꽃섬,1,크로아
2104,선유도,1,엘리시움
2105,메린이집,1,루나
2106,하림,1,크로아
2107,엘룬,1,레드
2108,꼬집,1,엘리시움
2109,EMPERY,1,유니온
2110,마그누스,1,유니온
2111,Eistland,1,크로아
2112,WatchDogs,1,루나
2113,하현달,1,유니온
2114,내사랑,1,스카니아
2115,초사,1,스카니아
2116,죽음의데스,1,루나
2117,길축좀주세요,1,엘리시움
2118,아장,1,크로아
2119,Prez,1,루나
2120,메달,1,엘리시움
2121,쎄쎄,1,스카니아
2122,샛별,1,레드
2123,이냥,1,스카니아
2124,외전,1,스카니아
2125,아우로라,1,크로아
2126,무대,1,크로아
2127,잔별들,1,엘리시움
2128,Faith,1,루나
2129,샹그릴라cc,1,유니온
2130,화주,1,크로아
2131,좀쉬다올게요,1,크로아
2132,무명길드,1,루나
2133,동쌍패밀리,1,크로아
2134,ROVER,1,유니온
2135,꽃보라,1,엘리시움
2136,콩라인,1,크로아
2137,스폰지밥,1,베라
2138,응응,1,스카니아
2139,Jesus,1,베라
2140,LAFE,1,엘리시움
2141,무강,1,스카니아
2142,Bigdata,1,엘리시움
2143,청초,1,유니온
2144,GORILLAGLUE,1,이노시스
2145,세젤귀,1,오로라
2146,구경꾼,1,크로아
2147,포피파,1,베라
2148,Armonia,1,제니스
2149,쪼다,1,노바
2150,덩덩이,1,베라
2151,Orbital,1,크로아
2152,초설,1,스카니아
2153,카룻돌돌이들,1,루나
2154,애상,1,베라
2155,장로스탄,1,제니스
2156,여우신,1,스카니아
2157,유채,1,오로라
2158,하루나루나,1,루나
2159,남이,1,루나
2160,미새,1,엘리시움
2161,프로비던스s,1,유니온
2162,침묵의숲,1,루나
2163,창렬스토리,1,크로아
2164,peoples,1,제니스
2165,뭉게구름,1,엘리시움
2166,살랑,1,아케인
2167,서태후,1,엘리시움
2168,Kasi,1,스카니아
2169,갓로라,1,오로라
2170,얏호,1,베라
2171,온리,1,이노시스
2172,OVEL,1,스카니아
2173,단일,1,엘리시움
2174,불여우,1,크로아
2175,꽃나,1,크로아
2176,꽃을든남자,1,베라
2177,엔젤,1,스카니아
2178,해달,1,오로라
2179,JoyMaiN,1,스카니아
2180,비누,1,유니온
2181,레드유치원,1,레드
2182,을지로,1,크로아
2183,카리브해,1,루나
2184,IDEAL,1,엘리시움
2185,RoyaLTeam,1,엘리시움
2186,말괄량이,1,오로라
2187,검은소,1,크로아
2188,하쿠,1,스카니아
2189,Beloved,1,엘리시움
2190,뮤직,1,레드
2191,초크,1,베라
2192,띠이,1,베라
2193,세월,1,이노시스
2194,부산연합,1,베라
2195,랄라룰루,1,스카니아
2196,전하나,1,크로아
2197,둘이서,1,루나
2198,페이크,1,루나
2199,축캐,1,크로아
2200,Skywalker,1,크로아
2201,리버스,1,베라
2202,연연,1,오로라
2203,천향,1,루나
2204,새얀,1,크로아
2205,하레,1,스카니아
2206,Peppermint,1,루나
2207,우리반,1,엘리시움
2208,win커트구독,1,이노시스
2209,프렐요드,1,크로아
2210,도피,1,크로아
2211,아이,1,크로아
2212,l친목l,1,루나
2213,유독,1,루나
2214,단속,1,루나
2215,BLUEMOON,1,크로아
2216,피버,1,제니스
2217,역삼,1,크로아
2218,Angle,1,아케인
2219,청월,1,이노시스
2220,씨씨,1,크로아
2221,코야,1,노바
2222,저녁,1,스카니아
2223,야미,1,스카니아
2224,쿠둥이,1,스카니아
2225,자상,1,오로라
2226,멜룽,1,베라
2227,오션,1,레드
2228,에우로파,1,제니스
2229,첫눈,1,오로라
2230,미드미,1,루나
2231,000000000,1,루나
2232,보안,1,루나
2233,핑젤,1,루나
2234,을부레기,1,엘리시움
2235,도망,1,크로아
2236,품안,1,루나
2237,코스프레,1,루나
2238,반띵,1,루나
2239,아침플레이,1,이노시스
2240,마장학원,1,스카니아
2241,세지,1,스카니아
2242,옹알이,1,루나
2243,미량,1,유니온
2244,화원,1,이노시스
2245,CrossRoad,1,레드
2246,광신도,1,루나
2247,소리,1,아케인
2248,봉선화,1,베라
2249,인연,1,루나
2250,아이스퀸,1,루나
2251,생로랑,1,베라
2252,윰윰,1,루나
2253,가족사진,1,스카니아
2254,Gank,1,스카니아
2255,내인생의흑백,1,아케인
2256,물방울,1,유니온
2257,라지,1,베라
2258,초코,1,루나
2259,거지,1,스카니아
2260,LighT,1,노바
2261,3rdFLOOR,1,크로아
2262,왹져,1,노바
2263,kei김지연o,1,유니온
2264,자유,1,오로라
2265,TheArts,1,크로아
2266,멍청해,1,루나
2267,천년,1,크로아
2268,쾅쾅,1,엘리시움
2269,Angela,1,루나
2270,외솔,1,루나
2271,로맨티시스트,1,엘리시움
2272,재치,1,엘리시움
2273,눈꽃로드,1,스카니아
2274,Q도희사랑K,1,유니온
2275,하늘콩,1,베라
2276,마스터명,1,베라
2277,샹그리라,1,루나
2278,동유,1,루나
2279,앙쪽,1,엘리시움
2280,순하리,1,크로아
2281,Destroyk,1,엘리시움
2282,Meraki,1,엘리시움
2283,JINSIL,1,베라
2284,생일,1,아케인
2285,귤맛비둘기,1,루나
2286,PONTUS,1,크로아
2287,부끄,1,오로라
2288,아기,1,스카니아
2289,Iscream,1,오로라
2290,Fashionll,1,루나
2291,아리엘,1,스카니아
2292,200을위하여,1,유니온
2293,단풍나무학교,1,유니온
2294,NINI,1,베라
2295,다다,1,엘리시움
2296,INFP쩡이,1,스카니아
2297,별하랑,1,스카니아
2298,접시꽃,1,스카니아
2299,샤머니즘,1,엘리시움
2300,MARTIAN,1,오로라
2301,실루엣,1,오로라
2302,SweeThing,1,유니온
2303,예능,1,엘리시움
2304,초심,1,엘리시움
2305,Hwasan,1,유니온
2306,문갈,1,스카니아
2307,Xing,1,제니스
2308,크레페,1,제니스
2309,하트,1,엘리시움
2310,울림,1,크로아
2311,이어링,1,루나
2312,평온,1,아케인
2313,푸딩,1,루나
2314,흑당,1,베라
2315,Arts,1,루나
2316,서리,1,루나
2317,젠솔,1,유니온
2318,이쁘,1,스카니아
2319,배척,1,스카니아
2320,무궁화,1,유니온
2321,한결,1,루나
2322,파밀리아,1,유니온
2323,빛들,1,스카니아
2324,설애,1,루나
2325,AntiSpiritT,1,유니온
2326,노가다돌길드,1,루나
2327,WINNER,1,루나
2328,아이비,1,엘리시움
2329,대앵,1,크로아
2330,Lumiere,1,유니온
2331,멍꿀이파,1,엘리시움
2332,코스모,1,루나
2333,Spartoi,1,베라
2334,미담,1,베라
2335,카산드라,1,엘리시움
2336,달빛군단,1,이노시스
2337,금빛줄기,1,스카니아
2338,쿠첸,1,루나
2339,던전,1,베라
2340,체리,1,스카니아
2341,소일거리,1,오로라
2342,청라,1,루나
2343,성경,1,레드
2344,루타샛키,1,스카니아
2345,짱아,1,크로아
2346,Aromatic,1,루나
2347,사과나무,1,엘리시움
2348,양양,1,이노시스
2349,멸화,1,엘리시움
2350,바닐라스카이,1,엘리시움
2351,우설,1,스카니아
2352,넉넉,1,스카니아
2353,꼬봉,1,크로아
2354,누빈이불,1,이노시스
2355,아란패밀리,1,루나
2356,잔느,1,크로아
2357,Forever,1,엘리시움
2358,배틀마린,1,스카니아
2359,쿄씨,1,루나
2360,또잇,1,스카니아
2361,미니게임,1,엘리시움
2362,soloPoint,1,베라
2363,미궁,1,유니온
2364,김덕배,1,스카니아
2365,천미,1,루나
2366,HELLSING,1,레드
2367,베OI비,1,엘리시움
2368,둘이,1,베라
2369,꿈처럼,1,스카니아
2370,채소,1,유니온
2371,왕천장증,1,스카니아
2372,당고,1,크로아
2373,나나,1,엘리시움
2374,맨땅,1,크로아
2375,캐는마스터,1,크로아
2376,연희동,1,스카니아
2377,오브섀도우,1,루나
2378,난잠,1,크로아
2379,광부조아,1,엘리시움
2380,블레싱하모니,1,이노시스
2381,블랑,1,레드
2382,Lips,1,루나
2383,존엄,1,크로아
2384,바램,1,베라
2385,Farfalla,1,엘리시움
2386,히다마리장,1,크로아
2387,우짱,1,오로라
2388,프링글스,1,오로라
2389,단짠,1,스카니아
2390,lalonel,1,루나
2391,네티,1,오로라
2392,SURA,1,크로아
2393,임시,1,베라
2394,음표단,1,루나
2395,핫플,1,루나
2396,부티나,1,스카니아
2397,백리야행,1,이노시스
2398,백조,1,스카니아
2399,지배자,1,스카니아
2400,빵빵이네,1,스카니아
2401,HANEL,1,크로아
2402,섹시,1,오로라
2403,원발가락맨,1,레드
2404,cocococo,1,스카니아
2405,ILLIONAIRE,1,오로라
2406,햐랴,1,스카니아
2407,티아,1,스카니아
2408,용문동금호파,1,레드
2409,하율,1,베라
2410,사색,1,베라
2411,포레스트,1,크로아
2412,아에브,1,루나
2413,DICE,1,베라
2414,마우스,1,스카니아
2415,콩닥,1,엘리시움
2416,작은달,1,루나
2417,오니,1,제니스
2418,악역,1,엘리시움
2419,이씨네아이들,1,루나
2420,후냥냥,1,엘리시움
2421,아기자기,1,스카니아
2422,단골,1,루나
2423,첫번째길드,1,루나
2424,비숍,1,스카니아
2425,지난밤에,1,루나
2426,바램,1,오로라
2427,Improve,1,스카니아
2428,신나,1,엘리시움
2429,지존v고수,1,크로아
2430,지갑전사,1,유니온
2431,굿즈,1,크로아
2432,나랑사귀자,1,스카니아
2433,부캐용,1,베라
2434,Instagram,1,오로라
2435,효과,1,베라
2436,법정경,1,레드
2437,잎프,1,베라
2438,사냥꾼연합,1,엘리시움
2439,선약,1,크로아
2440,나른,1,스카니아
2441,카데나스텝업,1,엘리시움
2442,SINCE,1,엘리시움
2443,곰이야,1,오로라
2444,여우나무,1,스카니아
2445,10cm,1,베라
2446,미모,1,스카니아
2447,의상,1,엘리시움
2448,달의꽃,1,제니스
2449,늘솜,1,이노시스
2450,유부클럽,1,레드
2451,Aron,1,루나
2452,ssamzie,1,유니온
2453,논메인,1,노바
2454,카링,1,루나
2455,Perfume,1,유니온
2456,수상한큐브,1,유니온
2457,Buffalo,1,루나
2458,MinJuHwa,1,크로아
2459,새초롬,1,크로아
2460,요들,1,레드
2461,하페,1,스카니아
2462,우앙,1,베라
2463,명궁,1,루나
2464,NewFlex,1,루나
2465,Amor,1,크로아
2466,사출기,1,루나
2467,선녀와나무꾼,1,스카니아
2468,꼬진친구들,1,엘리시움
2469,쉐어,1,엘리시움
2470,라면맛집o,1,베라
2471,해태제과,1,엘리시움
2472,생생,1,베라
2473,최악,1,베라
2474,쏠로,1,엘리시움
2475,승리,1,스카니아
2476,업소,1,스카니아
2477,로랑,1,엘리시움
2478,흔들려,1,크로아
2479,나힌드,1,스카니아
2480,띠로링,1,베라
2481,Loving,1,크로아
2482,이슈,1,오로라
2483,TRUE,1,스카니아
2484,비바,1,오로라
2485,화이트캐슬,1,엘리시움
2486,이퀄리브리엄,1,루나
2487,GitHub,1,크로아
2488,물방울석,1,루나
2489,미스피,1,크로아
2490,Hise,1,엘리시움
2491,타라,1,루나
2492,요로롱,1,베라
2493,샤카,1,스카니아
2494,R아서P해라,1,베라
2495,Winsome,1,루나
2496,FILA,1,루나
2497,하늘달,1,스카니아
2498,해후,1,베라
2499,태양,1,크로아
2500,꿀과배기,1,베라
2501,강환불,1,엘리시움
2502,밤비,1,크로아
2503,꿍이,1,루나
2504,청혼,1,크로아
2505,zzzzz,1,크로아
2506,구두,1,스카니아
2507,골격근,1,스카니아
2508,도리,1,레드
2509,샤를린,1,루나
2510,파스텔,1,스카니아
2511,다봄,1,루나
2512,꽃잎,1,루나
2513,레이나,1,엘리시움
2514,DESCENTE,1,크로아
2515,유영,1,이노시스
2516,제국화격단,1,베라
2517,서운,1,엘리시움
2518,종이접기,1,아케인
2519,냐응,1,루나
2520,단밤,1,엘리시움
2521,찡긋,1,루나
2522,사바이디,1,스카니아
2523,렙16,1,스카니아
2524,똘똘,1,루나
2525,방사능,1,오로라
2526,뽀사클럽,1,루나
2527,단장과아이들,1,레드
2528,천운,1,루나
2529,위에화,1,베라
2530,매치,1,오로라
2531,동정,1,베라
2532,네로,1,이노시스
2533,Fresh,1,루나
2534,엔진,1,스카니아
2535,회천,1,스카니아
2536,마르키사,1,베라
2537,베짱이,1,크로아
2538,여링,1,스카니아
2539,피곤행,1,엘리시움
2540,반응,1,오로라
2541,이정표,1,이노시스
2542,Protective,1,엘리시움
2543,AS2U,1,유니온
2544,와인한잔,1,엘리시움
2545,꿀렁꿀덩,1,스카니아
2546,유미카,1,크로아
2547,꿀꿀,1,엘리시움
2548,Ceaseless,1,엘리시움
2549,헉근데짱,1,엘리시움
2550,아이엠스타,1,베라
2551,메송이들,1,크로아
2552,분홍이,1,루나
2553,붉은밤,1,루나
2554,수호,1,루나
2555,으른,1,베라
2556,라파,1,루나
2557,흰눈꽃,1,루나
2558,사랑채,1,루나
2559,격렬,1,엘리시움
2560,미리내,1,크로아
2561,태양의빛,1,베라
2562,AbsoluteOne,1,제니스
2563,체라,1,스카니아
2564,짜냥,1,스카니아
2565,성향자,1,루나
2566,광역,1,베라
2567,공유,1,레드
2568,원비유치원,1,엘리시움
2569,테리어,1,레드
2570,Truth,1,유니온
2571,Soran,1,엘리시움
2572,나르샤,1,루나
2573,리뉴얼,1,이노시스
2574,콕콕,1,루나
2575,소수,1,노바
2576,하별,1,루나
2577,루나,1,레드
2578,레몬,1,크로아
2579,칠봉,1,엘리시움
2580,진진,1,스카니아
2581,억압,1,크로아
2582,아로,1,유니온
2583,정복자,1,오로라
2584,가을이,1,스카니아
2585,대왕,1,유니온
2586,의혹,1,루나
2587,GOJOL,1,루나
2588,아케잉,1,루나
2589,ONLINE,1,엘리시움
2590,망미,1,크로아
2591,상인단,1,루나
2592,마들렌,1,크로아
2593,노키즈존,1,스카니아
2594,돈땃쥐미,1,루나
2595,강한녀석들,1,엘리시움
2596,View,1,크로아
2597,봄들이,1,크로아
2598,메린이연구소,1,스카니아
2599,멍뭉,1,유니온
2600,찌지잉,1,크로아
2601,연놈,1,엘리시움
2602,레온,1,제니스
2603,불쏘공,1,엘리시움
2604,새별,1,루나
2605,루타도리,1,크로아
2606,애쁠,1,루나
2607,물어,1,레드
2608,루팡,1,엘리시움
2609,탱글빵해적단,1,크로아
2610,과묵,1,스카니아
2611,오라,1,루나
2612,봄맞이,1,베라
2613,시엘,1,레드
2614,저녁하늘,1,스카니아
2615,반지의제왕들,1,스카니아
2616,현미,1,크로아
2617,itself,1,제니스
2618,파반느,1,크로아
2619,넘사벽,1,베라
2620,밤의아이,1,레드
2621,리더,1,스카니아
2622,까마귀,1,이노시스
2623,기적의솔플러,1,루나
2624,꼬마마녀,1,유니온
2625,나무아래,1,엘리시움
2626,방미숙,1,크로아
2627,행성,1,유니온
2628,리퀴드,1,스카니아
2629,하이틴,1,스카니아
2630,메린학교,1,엘리시움
2631,달님,1,아케인
2632,하냥,1,유니온
2633,뚱띠,1,엘리시움
2634,대충주택,1,베라
2635,강화의신,1,엘리시움
2636,Chimera,1,스카니아
2637,루피너스,1,스카니아
2638,뭉야,1,스카니아
2639,오초팸,1,크로아
2640,카렌,1,스카니아
2641,수예,1,스카니아
2642,개구장이,1,오로라
2643,Zero,1,크로아
2644,꿈을꾼듯,1,루나
2645,홍씨네,1,루나
2646,쇼타임,1,엘리시움
2647,흐를,1,스카니아
2648,소별,1,스카니아
2649,투명,1,레드
2650,뼈다귀,1,스카니아
2651,연놈,1,스카니아
2652,젬공장,1,제니스
2653,White,1,노바
2654,TheLegion,1,스카니아
2655,메사트,1,스카니아
2656,꾸방,1,엘리시움
2657,씨앗,1,제니스
2658,올드보이,1,스카니아
2659,Vermut,1,스카니아
2660,아이스데몬,1,스카니아
2661,넥쓴,1,엘리시움
2662,이해,1,오로라
2663,삐OH로,1,오로라
2664,거긴다메요,1,스카니아
2665,초이,1,루나
2666,출항,1,크로아
2667,백화,1,베라
2668,웅가네,1,스카니아
2669,청백적,1,스카니아
2670,밤공기,1,크로아
2671,우정,1,루나
2672,루나s왕족,1,루나
2673,DISCO,1,크로아
2674,Domination,1,루나
2675,버러지,1,크로아
2676,호빵맨,1,오로라
2677,신뢰,1,루나
2678,하나회,1,베라
2679,iiiNONOiii,1,엘리시움
2680,B612,1,제니스
2681,대표,1,베라
2682,야도란,1,엘리시움
2683,백윤,1,오로라
2684,카시오,1,루나
2685,데이,1,크로아
2686,이카로스,1,루나
2687,chat,1,베라
2688,Mirror,1,크로아
2689,그래,1,엘리시움
2690,워프,1,크로아
2691,웨퐁,1,베라
2692,모여,1,엘리시움
2693,위그팸,1,루나
2694,어도러블,1,루나
2695,Deserted,1,루나
2696,소식,1,제니스
2697,굿이,1,오로라
2698,물방울,1,스카니아
2699,HimalaYa,1,스카니아
2700,케루빔,1,유니온
2701,파자마,1,루나
2702,이슬초롱,1,크로아
2703,레헬른,1,엘리시움
2704,나른,1,루나
2705,칸쵸,1,스카니아
2706,아포칼립스,1,루나
2707,VIKI,1,베라
2708,TEXTAXI,1,스카니아
2709,합일,1,엘리시움
2710,데미안,1,엘리시움
2711,HealingPlace,1,엘리시움
2712,Janus,1,엘리시움
2713,독사,1,스카니아
2714,납치무침,1,스카니아
2715,hana,1,크로아
2716,부도,1,이노시스
2717,빛날,1,제니스
2718,씨드,1,스카니아
2719,방둥이,1,루나
2720,깜뽀,1,베라
2721,다크호스,1,제니스
2722,Pluto,1,레드
2723,러뷰,1,베라
2724,별이야기,1,스카니아
2725,메창고,1,오로라
2726,Fate,1,아케인
2727,Metro,1,루나
2728,현하,1,루나
2729,인형,1,루나
2730,하늘랜드,1,이노시스
2731,Luka,1,루나
2732,열차여행,1,크로아
2733,어서와,1,베라
2734,봄철pc방,1,엘리시움
2735,왜곡,1,엘리시움
2736,며칠,1,엘리시움
2737,스우,1,스카니아
2738,유명,1,오로라
2739,눈여우,1,베라
2740,달아,1,크로아
2741,실비아,1,엘리시움
2742,후디,1,루나
2743,트리시온,1,베라
2744,Philosphia,1,오로라
2745,풍선,1,루나
2746,GoYounHa,1,크로아
2747,플랫,1,베라
2748,해늘,1,크로아
2749,첫날,1,루나
2750,Times,1,루나
2751,자유로운,1,크로아
2752,Tiny,1,아케인
2753,Uway,1,루나
2754,소유,1,오로라
2755,Synfonia,1,크로아
2756,벚꽃,1,베라
2757,리스나르,1,스카니아
2758,밤도깨비,1,엘리시움
2759,냥즈,1,크로아
2760,옥수수밭,1,엘리시움
2761,보쌈,1,루나
2762,인생은혼자,1,스카니아
2763,녹보수,1,베라
2764,밤하늘,1,오로라
2765,윱서리,1,베라
2766,콩닥콩닥,1,엘리시움
2767,엘프,1,레드
2768,리스,1,레드
2769,Lostarks,1,스카니아
2770,날다람쥐,1,스카니아
2771,콩잎,1,스카니아
2772,시반,1,스카니아
2773,리거,1,엘리시움
2774,랑아랑,1,제니스
2775,메르조아,1,엘리시움
2776,납치,1,루나
2777,퇴사가답이다,1,유니온
2778,용역,1,엘리시움
2779,데이토나,1,루나
2780,유홍초,1,루나
2781,띠아,1,오로라
2782,OuOb,1,스카니아
2783,제왕의반지,1,스카니아
2784,픔이네,1,스카니아
2785,myBEN,1,루나
2786,개월,1,크로아
2787,복실복실,1,루나
2788,멍찌,1,스카니아
2789,솔길,1,크로아
2790,노가닭,1,엘리시움
2791,럭키,1,오로라
2792,야간팀,1,크로아
2793,주보라돌이,1,크로아
2794,욜로,1,제니스
2795,서리서리,1,엘리시움
2796,우리벗,1,엘리시움
2797,풍핑,1,스카니아
2798,오리국밥,1,엘리시움
2799,바다가역,1,스카니아
2800,설렘가득,1,이노시스
2801,눈송나루,1,루나
2802,마징가해태,1,크로아
2803,흑흑,1,엘리시움
2804,꿈꾸는여유,1,엘리시움
2805,4TLOM,1,크로아
2806,이게게임이냐,1,크로아
2807,잔돈이눈에띔,1,오로라
2808,고고겜,1,루나
2809,해씨,1,크로아
2810,전설의아우라,1,베라
2811,유리별,1,베라
2812,꽃과같다,1,제니스
2813,뽀이,1,크로아
2814,야수,1,베라
2815,오야,1,베라
2816,추억,1,스카니아
2817,냥줍,1,스카니아
2818,가문의영광,1,스카니아
2819,프레이,1,크로아
2820,아델라일라,1,베라
2821,회복,1,루나
2822,쥬씨,1,제니스
2823,성민,1,크로아
2824,HyunStandard,1,엘리시움
2825,Bali,1,베라
2826,인평골목대장,1,레드
2827,캣닢,1,베라
2828,냄비뚜껑,1,엘리시움
2829,펭클,1,레드
2830,덕쿨,1,크로아
2831,핫바는초장임,1,루나
2832,후리,1,크로아
2833,뇌하수체,1,엘리시움
2834,붉은샘,1,제니스
2835,안개,1,엘리시움
2836,24시간,1,엘리시움
2837,KitKat,1,베라
2838,주인,1,엘리시움
2839,메린이존목,1,엘리시움
2840,냥하,1,크로아
2841,곰초민,1,스카니아
2842,애칭,1,스카니아
2843,쿠앙,1,베라
2844,꿈의도시,1,크로아
2845,뭘봐팍씨,1,스카니아
2846,정의,1,베라
2847,정상인,1,엘리시움
2848,어라,1,베라
2849,유튜브비현실,1,스카니아
2850,황소막창,1,크로아
2851,슈퍼스타,1,엘리시움
2852,눈빛,1,엘리시움
2853,햄찌꿍월드,1,엘리시움
2854,정의,1,스카니아
2855,밀크보틀,1,루나
2856,황홀,1,이노시스
2857,백야,1,유니온
2858,머펭,1,베라
2859,나날이,1,루나
2860,갓수들,1,엘리시움
2861,별빛,1,엘리시움
2862,애잔한친구들,1,루나
2863,치킨빠뤼,1,루나
2864,빛희철당신은,1,스카니아
2865,트리오,1,엘리시움
2866,유타,1,스카니아
2867,내담,1,루나
2868,전국백수협회,1,스카니아
2869,쿠로,1,크로아
2870,쏜다,1,스카니아
2871,잎샘,1,레드
2872,오르칸,1,이노시스
2873,남우,1,크로아
2874,Lordly,1,스카니아
2875,산소,1,베라
2876,피그미,1,루나
2877,흑막,1,스카니아
2878,Cord,1,크로아
2879,오옹,1,루나
2880,교차,1,베라
2881,나이키,1,스카니아
2882,스페셜스킬,1,루나
2883,한국폭격기,1,크로아
2884,조콩,1,스카니아
2885,카메16,1,베라
2886,피해,1,스카니아
2887,BACH,1,스카니아
2888,복습,1,스카니아
2889,떡볶이,1,엘리시움
2890,두라,1,루나
2891,토이,1,크로아
2892,힙합,1,크로아
2893,궁뎅,1,베라
2894,매실,1,크로아
2895,길드이용중,1,엘리시움
2896,Betty,1,스카니아
2897,아카펠라1,1,엘리시움
2898,LiLa,1,크로아
2899,나의나라,1,스카니아
2900,옐론드,1,엘리시움
2901,집밖은위험해,1,이노시스
2902,만져봐,1,크로아
2903,할증,1,엘리시움
2904,교우,1,엘리시움
2905,calm,1,엘리시움
2906,통닭,1,제니스
2907,스케치북,1,스카니아
2908,블루레몬,1,크로아
2909,혼자한다,1,루나
2910,예요,1,루나
2911,구사회,1,엘리시움
2912,볼사네,1,이노시스
2913,알수없음,1,루나
2914,완판,1,루나
2915,MAGO,1,엘리시움
2916,소시민,1,베라
2917,떵이,1,루나
2918,헤스피아,1,엘리시움
2919,Godland,1,루나
2920,해적단,1,스카니아
2921,lastein,1,아케인
2922,초록,1,크로아
2923,짱냐,1,스카니아
2924,흰여우,1,제니스
2925,소뇨,1,루나
2926,봄빛,1,베라
2927,수감,1,스카니아
2928,포끄레인,1,엘리시움
2929,안타라스,1,루나
2930,로즈,1,크로아
2931,언제까지,1,스카니아
2932,DRUNK,1,엘리시움
2933,단콩,1,베라
2934,Beam,1,스카니아
2935,속마음,1,엘리시움
2936,마요네즈,1,루나
2937,핑크빈,1,오로라
2938,협력,1,루나
2939,검냥,1,루나
2940,다크,1,스카니아
2941,SUNLIGHT,1,루나
2942,나쁜아이,1,엘리시움
2943,푸미있게,1,엘리시움
2944,잔비,1,스카니아
2945,섹시큐트,1,엘리시움
2946,갸또,1,스카니아
2947,베테랑,1,유니온
2948,설흔,1,루나
2949,BORI,1,루나
2950,주영,1,베라
2951,오늘뭐먹지,1,레드
2952,Jerry,1,오로라
2953,스탠,1,루나
2954,살짝,1,크로아
2955,요르,1,크로아
2956,기백곰,1,스카니아
2957,소리와아이들,1,스카니아
2958,기후,1,크로아
2959,이다,1,엘리시움
2960,둥루뭉술,1,베라
2961,루피,1,제니스
2962,동양,1,오로라
2963,Approximate,1,루나
2964,피스멤버,1,엘리시움
2965,산림욕장,1,엘리시움
2966,ASTRONEER,1,이노시스
2967,ABCD,1,루나
2968,수라도,1,베라
2969,곰젤리,1,베라
2970,엉이,1,루나
2971,납치볶음,1,스카니아
2972,이우진,1,크로아
2973,꽃마리,1,스카니아
2974,종소리,1,엘리시움
2975,모래알,1,베라
2976,온화,1,제니스
2977,SinT,1,유니온
2978,여유가족,1,이노시스
2979,안식처,1,크로아
2980,Whiteseal,1,레드
2981,고드름,1,엘리시움
2982,TeamDJ,1,베라
2983,아카이나,1,크로아
2984,메와함께,1,크로아
2985,그만좀먹자,1,엘리시움
2986,PASS,1,엘리시움
2987,신기루,1,제니스
2988,Esper,1,루나
2989,메접,1,베라
2990,누리,1,크로아
2991,해피하우스,1,스카니아
2992,쫑아랜드,1,아케인
2993,큐피트사랑,1,엘리시움
2994,밀크볼,1,루나
2995,샛별,1,오로라
2996,로더,1,제니스
2997,뿌요뿌요뿌요,1,베라
2998,잎쏭,1,루나
2999,나온,1,베라
3000,RIOT,1,크로아
3001,아웃백,1,베라
3002,이너별,1,엘리시움
3003,비행,1,스카니아
3004,소설,1,스카니아
3005,Hunting,1,스카니아
3006,뿌꾸,1,크로아
3007,실푸다,1,엘리시움
3008,BlueOcean,1,유니온
3009,GP504,1,엘리시움
3010,디스패치,1,엘리시움
3011,라꿍,1,크로아
3012,Yami,1,베라
3013,미용,1,루나
3014,무음,1,엘리시움
3015,대나무,1,레드
3016,행복한나날,1,루나
3017,재인,1,스카니아
3018,다움,1,루나
3019,카노스,1,스카니아
3020,뚱이패밀리,1,유니온
3021,디지패밀리,1,루나
3022,고품격,1,베라
3023,2222,1,루나
3024,Instrumental,1,베라
3025,미췬랩에미넴,1,제니스
3026,Bridge,1,스카니아
3027,여행,1,제니스
3028,하와이,1,크로아
3029,나한드,1,루나
3030,율무차,1,오로라
3031,대기,1,루나
3032,고북탁,1,크로아
3033,테라,1,레드
3034,밤별,1,엘리시움
3035,Liatris,1,크로아
3036,랩실,1,베라
3037,예티의꿈,1,루나
3038,올드네임,1,엘리시움
3039,붕고가,1,크로아
3040,또륵,1,엘리시움
3041,단무지,1,스카니아
3042,젤로,1,스카니아
3043,공대,1,크로아
3044,두잇,1,베라
3045,들꽃,1,오로라
3046,필승,1,크로아
3047,채원,1,크로아
3048,차트,1,크로아
3049,때루,1,제니스
3050,설화,1,오로라
3051,도탁스,1,크로아
3052,음주가무,1,이노시스
3053,아잉,1,루나
3054,디오,1,루나
3055,메린이의모험,1,스카니아
3056,젬캐리,1,레드
3057,Cadia,1,엘리시움
3058,볼매,1,루나
3059,테드,1,루나
3060,irPlane,1,루나
3061,낭군,1,루나
3062,BREAK,1,스카니아
3063,금강산,1,크로아
3064,샤이아,1,스카니아
3065,쿠카와제헌이,1,베라
3066,탕진,1,크로아
3067,리스크,1,스카니아
3068,종결,1,크로아
3069,라온제나,1,베라
3070,디자인,1,엘리시움
3071,안가,1,스카니아
3072,Feedback,1,엘리시움
3073,마찌,1,루나
3074,루나천국,1,루나
3075,우주방위대,1,엘리시움
3076,등등,1,크로아
3077,치즈라볶이,1,루나
3078,손발,1,루나
3079,막부,1,엘리시움
3080,탈출,1,오로라
3081,콩누나,1,루나
3082,애리,1,크로아
3083,찌개마을,1,루나
3084,뿌이,1,루나
3085,미니게임,1,크로아
3086,로티,1,엘리시움
3087,Dear,1,스카니아
3088,젤루조아,1,스카니아
3089,딤덕,1,스카니아
3090,유대,1,크로아
3091,장군미미숙소,1,루나
3092,밤죤,1,스카니아
3093,꽃보다루들,1,크로아
3094,응가파,1,엘리시움
3095,위대한실수,1,스카니아
3096,야화,1,크로아
3097,혼자있고싶어,1,베라
3098,숨하,1,크로아
3099,옛친구,1,루나
3100,허브,1,크로아
3101,추시킁,1,베라
3102,달아래에,1,스카니아
3103,제후,1,엘리시움
3104,말걸지마,1,베라
3105,감사하는마음,1,스카니아
3106,로켓,1,스카니아
3107,사랑의꿈,1,크로아
3108,ASAP,1,루나
3109,낯선여행길,1,유니온
3110,Amore,1,유니온
3111,알라발랑,1,크로아
3112,별봄,1,루나
3113,메적,1,루나
3114,빅토리,1,크로아
3115,다애,1,크로아
3116,푸르른날에,1,크로아
3117,때리,1,크로아
3118,부족이네,1,엘리시움
3119,정찰기,1,엘리시움
3120,라운드,1,루나
3121,지송,1,크로아
3122,솔플,1,크로아
3123,수딩,1,엘리시움
3124,신세계,1,루나
3125,세계수,1,레드
3126,죠죠,1,크로아
3127,새미래,1,베라
3128,군침,1,크로아
3129,쏘울메이트,1,루나
3130,럭키,1,스카니아
3131,신캐,1,베라
3132,부천앰생,1,베라
3133,공존,1,엘리시움
3134,Labyrinth,1,레드
3135,우뢰,1,루나
3136,새벽반,1,루나
3137,남설2,1,루나
3138,하나,1,루나
3139,시츄,1,크로아
3140,거또,1,크로아
3141,신월가,1,루나
3142,CRAYON,1,베라
3143,가무,1,스카니아
3144,쩌리,1,엘리시움
3145,1대100,1,크로아
3146,뜨거,1,스카니아
3147,선별,1,오로라
3148,촉촉,1,레드
3149,xpavptmxm,1,루나
3150,솔피,1,크로아
3151,시간,1,엘리시움
3152,이륙,1,루나
3153,갈대,1,크로아
3154,조이,1,유니온
3155,잇우,1,스카니아
3156,날동,1,베라
3157,마롱이네,1,엘리시움
3158,행운의LTY,1,스카니아
3159,VINO,1,루나
3160,Lovey,1,엘리시움
3161,Novation,1,루나
3162,이렇게좋은날,1,루나
3163,쌘놈들,1,제니스
3164,꼬무,1,스카니아
3165,애시드,1,스카니아
3166,체리,1,레드
3167,땡글,1,베라
3168,스윗츠,1,크로아
3169,위너스,1,스카니아
3170,겨울,1,스카니아
3171,비약,1,베라
3172,야행성,1,엘리시움
3173,Zl존연합v,1,루나
3174,륀느,1,루나
3175,서우,1,루나
3176,아YEE찬게YEE,1,베라
3177,흑사,1,베라
3178,Yumenosaki,1,오로라
3179,신기루,1,크로아
3180,라페,1,스카니아
3181,가온누리,1,유니온
3182,귀염둥이,1,베라
3183,Tiamo,1,엘리시움
3184,청광,1,엘리시움
3185,천사마을,1,엘리시움
3186,술집,1,오로라
3187,노잇,1,레드
3188,안농안농,1,루나
3189,순하리,1,제니스
3190,그늘,1,베라
3191,내맴,1,스카니아
3192,아로니아,1,루나
3193,다이,1,엘리시움
3194,STONE,1,오로라
3195,축복길드,1,크로아
3196,냥냥이풀,1,엘리시움
3197,PKRGUS,1,루나
3198,동행,1,유니온
3199,라연,1,엘리시움
3200,완완지옥탕,1,루나
3201,치명적귀여움,1,크로아
3202,건우굴,1,루나
3203,씨댄,1,루나
3204,가재,1,오로라
3205,상상,1,베라
3206,로아하러감,1,크로아
3207,랭메,1,스카니아
3208,냥냥즈,1,크로아
3209,모꼬지,1,제니스
3210,산뜻,1,엘리시움
3211,왕족,1,베라
3212,CoAti,1,스카니아
3213,메이플하루,1,루나
3214,유체,1,스카니아
3215,개귀여워,1,스카니아
3216,엥두,1,베라
3217,비행,1,크로아
3218,태순수호대,1,노바
3219,학교괴담,1,루나
3220,웅자네,1,레드
3221,루키,1,레드
3222,보람,1,유니온
3223,독백,1,엘리시움
3224,향월,1,루나
3225,재획,1,이노시스
3226,섭렵,1,루나
3227,멍잉단,1,베라
3228,사비트라마,1,루나
3229,달빛의노래,1,엘리시움
3230,동네행님,1,스카니아
3231,개쿨해,1,크로아
3232,기계공학,1,루나
3233,MonstersInc,1,베라
3234,연어때,1,레드
3235,앙마2010,1,스카니아
3236,닥터페퍼,1,엘리시움
3237,에일,1,스카니아
3238,부마,1,루나
3239,큐티,1,베라
3240,어떤하루,1,크로아
3241,Season,1,엘리시움
3242,풍은,1,유니온
3243,ID필승,1,크로아
3244,모해,1,베라
3245,국장,1,스카니아
3246,이때다,1,엘리시움
3247,표현,1,베라
3248,청멸패월,1,베라
3249,엘로딘,1,엘리시움
3250,행복한사람,1,엘리시움
3251,인울,1,크로아
3252,요정,1,엘리시움
3253,호시호시,1,이노시스
3254,미담,1,스카니아
3255,소나무,1,엘리시움
3256,밤샘팸,1,엘리시움
3257,바냐냐,1,스카니아
3258,근성의정신,1,엘리시움
3259,Rank,1,오로라
3260,River,1,베라
3261,귤밤,1,스카니아
3262,배불뚝이,1,제니스
3263,Outsiders,1,오로라
3264,핫라인,1,엘리시움
3265,어둠의다크,1,엘리시움
3266,전진,1,오로라
3267,히아,1,베라
3268,라보훈련소,1,스카니아
3269,Rolling,1,루나
3270,Queen,1,엘리시움
3271,우리는가족,1,이노시스
3272,리딜,1,크로아
3273,새꽃,1,베라
3274,Heist,1,루나
3275,스파,1,스카니아
3276,냥아치,1,스카니아
3277,마스터,1,엘리시움
3278,lRODl,1,유니온
3279,합석,1,스카니아
3280,벽화,1,루나
3281,마법,1,엘리시움
3282,하뚜,1,오로라
3283,LoveIy,1,베라
3284,선가을,1,엘리시움
3285,쇼타임,1,크로아
3286,무토끼,1,스카니아
3287,얼굴천재,1,스카니아
3288,zuzu,1,베라
3289,체리,1,루나
3290,메이flex,1,엘리시움
3291,굄울,1,엘리시움
3292,Slayer,1,루나
3293,죽창,1,엘리시움
3294,장장멋진길드,1,루나
3295,루화,1,스카니아
3296,태생,1,오로라
3297,크레파스,1,엘리시움
3298,회복,1,엘리시움
3299,라이터,1,엘리시움
3300,밤개울,1,루나
3301,연호,1,베라
3302,저장소,1,루나
3303,흑우단,1,베라
3304,블랙윙,1,루나
3305,잠시만요,1,스카니아
3306,글로리아,1,스카니아
3307,역사,1,루나
3308,신스,1,스카니아
3309,민채,1,크로아
3310,샤샤샤,1,스카니아
3311,초진,1,루나
3312,드론,1,크로아
3313,타투,1,이노시스
3314,도린,1,오로라
3315,전수,1,루나
3316,예쁨,1,베라
3317,밍밍,1,베라
3318,9000,1,아케인
3319,탈다림,1,루나
3320,찻집,1,스카니아
3321,검신,1,스카니아
3322,애향,1,크로아
3323,WhiteDay,1,루나
3324,새침,1,루나
3325,중립국,1,루나
3326,굴러와,1,크로아
3327,동결,1,스카니아
3328,목표는핑크빈,1,베라
3329,근육,1,베라
3330,대두별의왕국,1,이노시스
3331,니나브,1,베라
3332,0417Ent,1,베라
3333,히윤월드,1,스카니아
3334,David,1,루나
3335,룩스,1,제니스
3336,애신각라가문,1,루나
3337,박현민,1,엘리시움
3338,무길도전,1,엘리시움
3339,제주도,1,오로라
3340,저하늘에태양,1,루나
3341,MimiOc,1,베라
3342,은하수,1,루나
3343,초선,1,아케인
3344,광부앤파이터,1,스카니아
3345,맛없는체리,1,엘리시움
3346,세르니움,1,제니스
3347,확인과아이들,1,엘리시움
3348,둘기,1,엘리시움
3349,로렉스,1,크로아
3350,Liverpool,1,크로아
3351,메린이가족,1,크로아
3352,만듦,1,엘리시움
3353,샛봄,1,루나
3354,iush,1,크로아
3355,미아보호소,1,제니스
3356,Good,1,크로아
3357,SIRAYUKI,1,스카니아
3358,쁘나,1,스카니아
3359,폴리페놀,1,오로라
3360,뿜뽐,1,스카니아
3361,다소곳,1,엘리시움
3362,셔링,1,스카니아
3363,골든리트리버,1,스카니아
3364,봄나들이,1,엘리시움
3365,스누플,1,엘리시움
3366,퇴사,1,유니온
3367,산타,1,루나
3368,노인정,1,스카니아
3369,농구부,1,크로아
3370,막돼먹은놈들,1,엘리시움
3371,배야,1,루나
3372,호날두,1,베라
3373,200dd,1,제니스
3374,덕소고,1,오로라
3375,규박이네,1,베라
3376,신사숙녀jr,1,제니스
3377,잔빛,1,엘리시움
3378,Fervor,1,엘리시움
3379,소선,1,루나
3380,바보,1,루나
3381,비밀의화원,1,스카니아
3382,원초,1,루나
3383,시두스,1,오로라
3384,천진,1,베라
3385,CERES,1,루나
3386,겨울밤,1,유니온
3387,LastWorld,1,크로아
3388,반짝,1,유니온
3389,나풀,1,스카니아
3390,Pulse,1,크로아
3391,방산,1,제니스
3392,왕좌의게임,1,제니스
3393,눈보드레,1,노바
3394,mango,1,크로아
3395,한번가봐,1,제니스
3396,소련,1,스카니아
3397,HeartBlade,1,엘리시움
3398,와글바글,1,아케인
3399,치즈치즈,1,이노시스
3400,주장,1,베라
3401,Handsome늑대,1,베라
3402,곧무새,1,루나
3403,짜니,1,엘리시움
3404,밤설,1,루나
3405,비렁,1,루나
3406,일지,1,베라
3407,신예,1,크로아
3408,천일야화,1,루나
3409,맛만보자,1,베라
3410,메수저,1,스카니아
3411,허니콤보,1,엘리시움
3412,무신,1,루나
3413,슥님,1,루나
3414,춘적단,1,베라
3415,디얼,1,오로라
3416,COMBO,1,루나
3417,너의추억,1,루나
3418,홍조,1,루나
3419,창화,1,크로아
3420,오티지,1,루나
3421,부비부비,1,스카니아
3422,롤스,1,스카니아
3423,xxxy,1,크로아
3424,아몬,1,스카니아
3425,백여우,1,크로아
3426,퀀텀,1,크로아
3427,알람,1,스카니아
3428,포리,1,엘리시움
3429,시강,1,크로아
3430,혈비,1,루나
3431,Tier,1,루나
3432,조율,1,스카니아
3433,경성주막,1,엘리시움
3434,지은,1,루나
3435,뻐앙,1,크로아
3436,슬슬,1,크로아
3437,뚜비,1,베라
3438,언니쓰,1,스카니아
3439,로시,1,크로아
3440,소원,1,엘리시움
3441,홍마진,1,아케인
3442,은햐,1,크로아
3443,진선현경,1,스카니아
3444,리젠,1,루나
3445,중산,1,엘리시움
3446,꿈결,1,크로아
3447,빛다,1,스카니아
3448,긔염,1,스카니아
3449,이색,1,루나
3450,해리포터,1,루나
3451,모법,1,스카니아
3452,다짐,1,엘리시움
3453,voix,1,엘리시움
3454,삼겹찜,1,루나
3455,은방울꽃,1,크로아
3456,별이네,1,베라
3457,길축길드,1,오로라
3458,예술,1,유니온
3459,열랩지대,1,베라
3460,쌍방울,1,크로아
3461,꽃놀이,1,크로아
3462,로로,1,오로라
3463,Vincent,1,루나
3464,도탁스,1,스카니아
3465,타꼬전문점,1,크로아
3466,졸렬잎,1,이노시스
3467,로망로즈,1,크로아
3468,지온,1,크로아
3469,봉하시티,1,오로라
3470,신비주의,1,오로라
3471,PO규용WER,1,루나
3472,늑대와여우들,1,엘리시움
3473,Chaser,1,루나
3474,Tolerance,1,스카니아
3475,한달,1,스카니아
3476,강제징용중,1,크로아
3477,Reinado,1,루나
3478,부엉,1,유니온
3479,Bermuda,1,제니스
3480,리츠,1,엘리시움
3481,시차,1,아케인
3482,키즈,1,스카니아
3483,메그,1,크로아
3484,Cozy,1,유니온
3485,이슬,1,루나
3486,당근,1,오로라
3487,달리,1,스카니아
3488,별바람,1,베라
3489,food,1,루나
3490,알파카,1,크로아
3491,세렌,1,크로아
3492,온리다이아,1,스카니아
3493,카카오톡,1,크로아
3494,뭉멍이,1,베라
3495,만남의장소,1,루나
3496,꼬집,1,크로아
3497,나비의꿈,1,레드
3498,빻이,1,스카니아
3499,Pluton,1,베라
3500,메의단,1,크로아
3501,말티,1,크로아
3502,다사,1,베라
3503,uiui,1,크로아
3504,친목금지,1,엘리시움
3505,라코자,1,엘리시움
3506,음정,1,루나
3507,라라블라,1,크로아
3508,희희,1,크로아
3509,설아,1,엘리시움
3510,봄바다,1,엘리시움
3511,메아싸,1,엘리시움
3512,피닉스,1,크로아
3513,레인,1,오로라
3514,화성인,1,스카니아
3515,도박,1,엘리시움
3516,유리알,1,루나
3517,슈팅,1,베라
3518,솔향,1,크로아
3519,1인용길드,1,아케인
3520,청렴,1,루나
3521,쿰돌골카,1,루나
3522,에델슈타인,1,루나
3523,의정부광부,1,크로아
3524,버퍼링,1,제니스
3525,델레,1,루나
3526,유틸출타,1,루나
3527,고양이풀,1,엘리시움
3528,changeEat,1,스카니아
3529,술래,1,크로아
3530,소유,1,스카니아
3531,니트,1,스카니아
3532,기사단장,1,베라
3533,na1st,1,크로아
3534,바이엘,1,루나
3535,유유,1,베라
3536,모해,1,크로아
3537,피버,1,오로라
3538,밤온도,1,오로라
3539,본오동,1,스카니아
3540,뉴비까,1,크로아
3541,로밍,1,크로아
3542,쥬스,1,엘리시움
3543,브냥네,1,크로아
3544,조크조크,1,크로아
3545,미녀,1,스카니아
3546,콧물인,1,스카니아
3547,PEPSI,1,루나
3548,Trip,1,루나
3549,하나둘셋,1,크로아
3550,Yena,1,루나
3551,나나씨,1,루나
3552,스페인,1,스카니아
3553,블리,1,루나
3554,전치18연합,1,엘리시움
3555,져아창고,1,스카니아
3556,뭇달,1,루나
3557,외도,1,유니온
3558,호감도,1,스카니아
3559,로딕스,1,루나
3560,스윗,1,엘리시움
3561,리인포스,1,베라
3562,잉카르텔,1,루나
3563,Burn,1,루나
3564,뽀시즈,1,엘리시움
3565,별꿈,1,엘리시움
3566,사여,1,루나
3567,Might,1,엘리시움
3568,팡이랜드ll,1,스카니아
3569,오리너구리,1,루나
3570,아잉월드,1,스카니아
3571,빙그레하루,1,이노시스
3572,절친,1,이노시스
3573,텔레포트,1,스카니아
3574,로엔,1,제니스
3575,돌개,1,스카니아
3576,청량,1,엘리시움
3577,미소녀만화경,1,베라
3578,모두,1,제니스
3579,울타리,1,크로아
3580,당근마롱,1,루나
3581,수플레,1,베라
3582,야자수즙,1,오로라
3583,시한부,1,오로라
3584,티아라,1,오로라
3585,홀릭,1,엘리시움
3586,MAXIMUM,1,엘리시움
3587,포카칩,1,제니스
3588,월하연,1,스카니아
3589,구골나무,1,루나
3590,페퍼민트,1,오로라
3591,삐약,1,스카니아
3592,DiscordhuD,1,스카니아
3593,공돌,1,오로라
3594,아무말,1,유니온
3595,러비,1,크로아
3596,현쥬르맹,1,크로아
3597,메덕들,1,스카니아
3598,귀족클럽,1,베라
3599,Movement,1,루나
3600,락크,1,크로아
3601,성주,1,스카니아
3602,이훈길드,1,이노시스
3603,피어난이슬,1,스카니아
3604,세성,1,스카니아
3605,NYSE,1,엘리시움
3606,방범대,1,크로아
3607,취업준비생,1,엘리시움
3608,자석,1,크로아
3609,달콤좌,1,엘리시움
3610,맨유,1,크로아
3611,Close,1,레드
3612,생끗,1,베라
3613,Yedbluec,1,스카니아
3614,모래,1,엘리시움
3615,솔리,1,스카니아
3616,구구콘,1,베라
3617,홈피,1,루나
3618,봄여마을,1,엘리시움
3619,마르세유,1,베라
3620,pine,1,스카니아
3621,Yedbluec,1,루나
3622,별미,1,크로아
3623,오창기사단,1,엘리시움
3624,그란데,1,스카니아
3625,크로우즈제로,1,스카니아
3626,Acropolis,1,루나
3627,SINISTER200,1,엘리시움
3628,ChrySler,1,이노시스
3629,일기,1,루나
3630,캬라멜,1,베라
3631,빡보,1,스카니아
3632,어디,1,아케인
3633,wkdnfla321,1,유니온
3634,화수,1,베라
3635,희미,1,엘리시움
3636,룩덕,1,제니스
3637,한주,1,크로아
3638,봄삐,1,크로아
3639,커스타드,1,엘리시움
3640,초승,1,엘리시움
3641,MentorClub,1,루나
3642,뿔보,1,스카니아
3643,ojing,1,유니온
3644,레이뤼,1,오로라
3645,아키서스,1,스카니아
3646,Diss,1,베라
3647,sola,1,엘리시움
3648,Team,1,베라
3649,뭉이내,1,스카니아
3650,류오,1,루나
3651,메린메린해,1,엘리시움
3652,승지순례,1,유니온
3653,설백,1,베라
3654,남동구,1,엘리시움
3655,뮴뮴이,1,유니온
3656,말랑,1,크로아
3657,유앤아이,1,루나
3658,보끔,1,베라
3659,모카형,1,오로라
3660,Visionary,1,루나
3661,로그인,1,엘리시움
3662,땡겨,1,스카니아
3663,소근소근,1,베라
3664,원콤,1,루나
3665,청눈,1,엘리시움
3666,아름다울미,1,스카니아
3667,핵아싸들,1,엘리시움
3668,여우단,1,스카니아
3669,Been,1,크로아
3670,루디,1,루나
3671,삼삼,1,스카니아
3672,종이접기,1,이노시스
3673,호잇,1,엘리시움
3674,지진,1,엘리시움
3675,스타,1,베라
3676,시선강탈,1,베라
3677,나루,1,루나
3678,새콤,1,베라
3679,다람곰,1,엘리시움
3680,푸우,1,크로아
3681,별빛걸음,1,엘리시움
3682,곰탱,1,오로라
3683,컬러링,1,크로아
3684,식빵자세,1,오로라
3685,시제이엠,1,루나
3686,응꼬,1,스카니아
3687,깨비네,1,엘리시움
3688,석지니,1,엘리시움
3689,꿀동,1,루나
3690,쁨밍,1,루나
3691,떨림,1,이노시스
3692,검은태양,1,루나
3693,JT길드,1,크로아
3694,썽쭈,1,스카니아
3695,잔디,1,이노시스
3696,FOFO,1,베라
3697,우얌,1,베라
3698,푸드,1,오로라
3699,FULL,1,루나
3700,오땡,1,루나
3701,라피,1,크로아
3702,reputation,1,스카니아
3703,그림,1,크로아
3704,민규야머하냐,1,루나
3705,달라,1,레드
3706,콩똑이네,1,베라
3707,왕비예림,1,스카니아
3708,클랜,1,엘리시움
3709,설향,1,루나
3710,천재지변,1,유니온
3711,순실매니아,1,루나
3712,다옴,1,스카니아
3713,평소,1,스카니아
3714,쭉쭉,1,베라
3715,봄풀,1,루나
3716,옆집친구,1,루나
3717,콜드브루,1,크로아
3718,하얀봄,1,베라
3719,Campos,1,크로아
3720,우수,1,엘리시움
3721,987621,1,베라
3722,길드,1,루나
3723,일상,1,레드
3724,LoveLive,1,스카니아
3725,심문,1,루나
3726,모옹,1,베라
3727,다소,1,크로아
3728,잠시접음,1,크로아
3729,낄낄,1,엘리시움
3730,바위,1,루나
3731,OFFlCE,1,이노시스
3732,mini,1,오로라
3733,산책,1,루나
3734,부먹,1,엘리시움
3735,심연,1,레드
3736,butter,1,베라
3737,페북스타,1,스카니아
3738,해대,1,베라
3739,러브레터,1,루나
3740,산림,1,레드
3741,BAND,1,루나
3742,미루,1,크로아
3743,새싹,1,루나
3744,호태뚝배기,1,스카니아
3745,취향존중,1,베라
3746,다크엘프,1,엘리시움
3747,Rene,1,스카니아
3748,lion,1,레드
3749,MINO,1,레드
3750,여정,1,루나
3751,재야,1,스카니아
3752,엔젤릭버스터,1,오로라
3753,초코비,1,오로라
3754,오목,1,스카니아
3755,쇄빙선,1,크로아
3756,룬의아이,1,스카니아
3757,메창,1,엘리시움
3758,크롱,1,엘리시움
3759,Gaia,1,제니스
3760,FeelingNice,1,크로아
3761,엔젤,1,크로아
3762,castlchevaer,1,제니스
3763,수상한상수,1,엘리시움
3764,황오공,1,루나
3765,이내빛,1,이노시스
3766,곰돌이,1,레드
3767,분꽃,1,베라
3768,YOUTH,1,유니온
3769,리다이브,1,크로아
3770,오매길드,1,유니온
3771,o쿠키o,1,루나
3772,헬렌,1,루나
3773,열리네,1,스카니아
3774,Marionette,1,스카니아
3775,각성,1,레드
3776,HUFS,1,루나
3777,떫음,1,베라
3778,멀티,1,레드
3779,곰탱이가족,1,베라
3780,망붕이,1,오로라
3781,열정,1,스카니아
3782,낮술,1,베라
3783,PolarBear,1,루나
3784,앵화,1,스카니아
3785,델루나,1,루나
3786,우아하게,1,스카니아
3787,BEDLAM,1,크로아
3788,이른아침,1,베라
3789,평일,1,루나
3790,바나몽,1,오로라
3791,리이젠느,1,루나
3792,주보돌이,1,베라
3793,로카,1,엘리시움
3794,백구,1,루나
3795,주사,1,엘리시움
3796,밀크,1,스카니아
3797,브이,1,스카니아
3798,새뜻,1,루나
3799,의식,1,루나
3800,VERY,1,오로라
3801,위아,1,엘리시움
3802,별로,1,크로아
3803,지조,1,루나
3804,단거,1,루나
3805,Aaron,1,루나
3806,Bien,1,베라
3807,수려,1,크로아
3808,바노피,1,스카니아
3809,핫타임,1,루나
3810,알랑,1,베라
3811,YOLO,1,제니스
3812,어울누리,1,루나
3813,RED스티그마,1,레드
3814,준팔팬클럽,1,베라
3815,공생,1,엘리시움
3816,택시도라이버,1,크로아
3817,백리향,1,엘리시움
3818,페어플레이,1,루나
3819,프롱,1,스카니아
3820,미루궁둥이,1,루나
3821,자존심,1,베라
3822,pepe,1,오로라
3823,실프,1,스카니아
3824,Sheer,1,스카니아
3825,안부,1,엘리시움
3826,주식갤러리,1,크로아
3827,대검찰청,1,엘리시움
3828,도넛,1,엘리시움
3829,흑야,1,스카니아
3830,하늘의전당,1,엘리시움
3831,쟈드,1,제니스
3832,중심,1,스카니아
3833,관중,1,엘리시움
3834,양산형길드,1,스카니아
3835,각설탕많다,1,크로아
3836,Twilight,1,크로아
3837,백월,1,베라
3838,세이프,1,스카니아
3839,블링시크,1,크로아
3840,비우,1,엘리시움
3841,망해라,1,스카니아
3842,봄소풍,1,엘리시움
3843,페플,1,루나
3844,슈슈,1,베라
3845,중복,1,스카니아
3846,쥬르륵,1,크로아
3847,파이리,1,레드
3848,zzzzz,1,오로라
3849,새솜,1,루나
3850,Garden,1,크로아
3851,오뚜,1,스카니아
3852,소우주,1,엘리시움
3853,하늘,1,루나
3854,Union,1,엘리시움
3855,잔월,1,루나
3856,AmbitiousP,1,루나
3857,Intel,1,크로아
3858,유감,1,엘리시움
